nome_site;usuario;cidade;uf;categoria;tags;categoria_imovel;status_imovel;contato;data_periodo_eua;url;card_nome;card_localizacao;descricao;preco;card_imagem_url;card_url;og_title;og_image;og_description;og_status;galeria;data_primeiro_scraper_brasil;data_primeiro_scraper_eua;data_ultimo_scraper_brasil;data_ultimo_scraper_eua;data_periodo_timestamp
"Prime Imóveis - Locação";imoveisunai;Unaí;MG;;;Kitnet;Aluguel;"(38) 99970-6070";2026-07-16;https://primeimoveisunai.com.br/imoveis;Kitnet;"Unaí, MG";"<b>Detalhes do imóvel</b><br/>ALUGUEL: R$ 1.200,00/mês<br/>Dormitórios: 1<br/>Banheiros: 1<br/>Garagens: 1";1200;img_178ed20698e0c63c51625e2f408a5f0a.jpeg;https://primeimoveisunai.com.br/imovel/kitnet-no-bairro-centro-unai-aluguel-RS1200/165582;"KITNET NO RESIDENCIAL CINE CRISTAL - Prime Imóveis - Compra, venda e administração de imóveis";img_1b7a12d08a566eaa6758f88e0cc6691a.jpeg;"EXCELENTE KITNET DISPONÍVEL PARA LOCAÇÃO . LOCALIZAÇÃO: BAIRRO CENTRO-RES. CINE CRISTAL ALUGUEL: R$1400,00 . 1 COZINHA 1 QUARTO 1 BANHEIRO ELEVADOR 6° ANDAR COM VAGA DE GARAGEM Entre em contato conosco: (38) 3677-6070/ 9.9970-6070 www.primeimoveisunai.com.br Rua Celina Lisboa Frederico, N°69, Térreo - centro- Unaí-MG CRECI:MGJ0006090";ok;img_178ed20698e0c63c51625e2f408a5f0a.jpeg,img_5a48edbd36296d168b1d91d2304e8746.jpeg,img_f9cf1abfd79007fbd24cdd38343f1619.jpeg,img_23d6dd7808c11bb194c983e46883c3df.jpeg,img_977d94e9d9d1b3c82093780d3e5ce4e3.jpeg;"13/06/2026 01:56:08";"2026-06-13 01:56:08";"16/06/2026 18:46:49";"2026-06-16 18:46:49";1783918568
"Prime Imóveis - Locação";imoveisunai;Unaí;MG;;;Apartamentos;Venda;"(38) 99970-6070";2026-07-16;https://primeimoveisunai.com.br/imoveis;Apartamento;"Unaí, MG";"<b>Detalhes do imóvel</b><br/>VENDA:<br/>R$ 490.000,00<br/>CONDOMÍNIO: R$ 358,00";490000;img_fd89941d4efd9eeb849c0b8fbf7e4607.jpg;https://primeimoveisunai.com.br/imovel/apartamento-no-bairro-cruzeiro-unai-venda-RS490000/156701;"VENDE-SE APARTAMENTO NO RESIDENCIAL ORQUÍDEAS - Prime Imóveis - Compra, venda e administração de imóveis";img_b9a1b2539a3b94678361c5a356b93e2c.jpg;"🏡 LINDO apartamento à VENDA no Condomínio Residencial Orquídeas Um apartamento sofisticado e aconchegante para você e sua família! Curta o silêncio de um local afastado com o benefício de estar no centro da cidade! O apartamento, reformado, conta com lindos móveis planejados em todos os cômodos. O apartamento conta com: 🔹 3 quartos (sendo 1 suíte) 🔹 1 banheiro social 🔹 Cozinha com mesa de jantar 🔹 Sala de TV bastante espaçosa 🔹 Sacada ampla e com uma linda vista 🔹 Garagem para 2 carros 🔸 Condomínio fechado 🔸 Quadra de lazer 🔸 Grande área de convivência 🤳 Agende já sua visita pelo, (38) 9.9970-6070 ou (38) 9.9951-0255 www.primeimoveisunai.com.br Rua Celina Lisboa Frederico, n° 69, Térreo - Centro - Unai - MG CRECI: MGJ0006090";ok;img_fd89941d4efd9eeb849c0b8fbf7e4607.jpg,img_ace2921e9c27d57e35f58fc8b10b7b55.jpg,img_336d7ea7abaf11c774e8e77827db876d.jpg,img_edb7b7336b48f1588fed7115abc6b068.jpg,img_fbdbeff8bcd2672425683fca69031af8.jpg,img_06670b860371584a66a8bce5d2c163e5.jpg,img_869afb3d29ff83f69c4613c39dabd5d3.jpg,img_f093bc09736aeac81ef3bd1a0e7fbd09.jpg,img_d0a1ebc88bb6f2cf3ab6fce42bd5a18f.jpg,img_1a15755bae22d3719ae1c7467ca0a9c7.jpg;"13/06/2026 01:56:22";"2026-06-13 01:56:22";"16/06/2026 18:46:49";"2026-06-16 18:46:49";1783918582
"Prime Imóveis - Locação";imoveisunai;Unaí;MG;;;Apartamentos;Venda;"(38) 99970-6070";2026-07-16;https://primeimoveisunai.com.br/imoveis;Apartamento;"Unaí, MG";"<b>Detalhes do imóvel</b><br/>VENDA:<br/>A partir de<br/>R$ 475.000,00<br/>Dormitórios: 3 (sendo 1 suíte)<br/>Banheiros: 2<br/>Garagens: 1";475000;img_9b6c11bfd82092c4b8923775143ecde2.jpeg;https://primeimoveisunai.com.br/imovel/apartamento-no-bairro-centro-unai-venda-RS475000/151271;"VENDE-SE APARTAMENTO RESIDENCIAL SOLARE - Prime Imóveis - Compra, venda e administração de imóveis";img_7d326bd069c65d07377745a65579755e.jpeg;"APARTAMENTO RESIDENCIAL SOLARE Localizado no centro de Unaí, Rua Djalma Torres, n⁰454, com tudo que precisa perto: farmácia, mercado, padaria, posto, academia, escolas e muito mais... São 110,29m² distribuídos de maneira a trazer amplitude e comforto. 2⁰ andar, c/ escadas 1 Vaga de garagem 3 Quartos (1 suíte com banheira) 1 banheiro social Sala ampla para 2 ambientes Cozinha com armários planejados Lavanderia Sacada Entre em contato conosco: (38) 3677-6070/ 9.9970-6070 www.primeimoveisunai.com.br Rua Celina Lisboa Frederico, n° 69, Térreo - Centro - Unai - MG CRECI: MGJ0006090";ok;img_9b6c11bfd82092c4b8923775143ecde2.jpeg,img_0c46c0fe2e0758edee051c05a039905d.jpeg,img_fc604e258b285d6bc7ec39452e674b53.jpeg,img_30938894a055e85afd2169ab1463dc5b.jpeg,img_55d132d7e6deb27a91518ffc43ff9501.jpeg,img_08fc35d9d435d6030e4d2d613f1efbcd.jpeg,img_df3d6ec9ac79c1e02ba3946edbbcc524.jpeg,img_afda57360056077bd81a5702a297f99c.jpeg,img_c9a3369abd0309b47b723660f14c6ff4.jpeg,img_4b9dbe03b26f88296dd6404f8b752982.jpeg;"13/06/2026 01:56:39";"2026-06-13 01:56:39";"16/06/2026 18:46:49";"2026-06-16 18:46:49";1783918599
"Prime Imóveis - Locação";imoveisunai;Unaí;MG;;;"Sítios e Chácaras";;"(38) 99970-6070";2026-07-16;https://primeimoveisunai.com.br/imoveis;Chácara;"Unaí, MG";;150000;img_269e7c9005e699acc554e473ee3bcbb6.png;https://primeimoveisunai.com.br/imovel/chacara-venda-RS150000/146044;;;;erro_http_500;img_269e7c9005e699acc554e473ee3bcbb6.png;"13/06/2026 01:56:45";"2026-06-13 01:56:45";"16/06/2026 18:46:49";"2026-06-16 18:46:49";1783918605
"Prime Imóveis - Locação";imoveisunai;Unaí;MG;;;"Sítios e Chácaras";Venda;"(38) 99970-6070";2026-07-16;https://primeimoveisunai.com.br/imoveis;Chácara;"Unaí, MG";"<b>Detalhes do imóvel</b><br/>VENDA:<br/>A partir de<br/>R$ 1.590.000,00";1590000;img_0225c757bb199b24c22ef5dc67414538.jpeg;https://primeimoveisunai.com.br/imovel/chacara-venda-RS1590000/90127;"VENDE-SE CHÁCARA COM EXCELENTE INFRAESTRUTURA - Prime Imóveis - Compra, venda e administração de imóveis";img_63c0ebed5f47b70ced0352c186891307.jpeg;"VENDE-SE CHÁCARA COM EXCELENTE INFRAESTRUTURA 📍Localizada nas chácaras Colina Tamanho: metros quadrados 🏠DESCRIÇÃO DA CASA 6 QUARTOS 4 BANHEIROS SALA DE ESTAR E DE JANTAR 1 ESCRITÓRIO ÁREA GOURMET COM PISCINA E BANHEIRO SOCIAL SAUNA TODA ARBORIZADA POÇO ARTESIANO ÁGUA ENCANADA FORNECIDA PELO SAAE 🏦NÃO FINANCIA ACEITA TROCA EM APARTAMENTO COMO PARTE DO PAGAMENTO 1.590.000,00 Entre em contato conosco: (38) 3677-6070/ 9.9970-6070 (38) 99941-4334 www.primeimoveisunai.com.br Rua Celina Lisboa Frederico, n° 69, Térreo - Centro - Unai - MG CRECI: MGJ0006090";ok;img_0225c757bb199b24c22ef5dc67414538.jpeg,img_65e790431bf6e6f1979f70d796e12be4.jpeg,img_567a175a0d2e4b4edcc690be13ec9cf5.jpeg,img_34457c472f6d70cbb7705ac292c91c9c.jpeg,img_857934bd8ee542881a743f4762a30bdc.jpeg,img_6feee68ece918caaadfa3bb4e2e611fd.jpeg,img_6835cda36070894c73a54c9b7b4d4d8c.jpeg,img_27134babee3c9273e03ef0ebcbe31c38.jpeg,img_176c350fe3f34a93ea33645f0953e26c.jpeg,img_4e51038f062d49455ca6ddccf9ee1ec3.jpeg;"13/06/2026 01:56:57";"2026-06-13 01:56:57";"16/06/2026 18:46:49";"2026-06-16 18:46:49";1783918617
"Prime Imóveis - Locação";imoveisunai;Unaí;MG;;;Casas;;"(38) 99970-6070";2026-07-16;https://primeimoveisunai.com.br/imoveis;Casa;"Unaí, MG";;2500000;img_0dee5b5939cea75d32f40ca46df98ba8.jpeg;https://primeimoveisunai.com.br/imovel/casa-no-bairro-divineia-unai-venda-RS2500000/84930;;;;erro_http_500;img_0dee5b5939cea75d32f40ca46df98ba8.jpeg;"13/06/2026 01:57:01";"2026-06-13 01:57:01";"16/06/2026 18:46:49";"2026-06-16 18:46:49";1783918621
"Prime Imóveis - Locação";imoveisunai;Unaí;MG;;;Casas;;"(38) 99970-6070";2026-07-16;https://primeimoveisunai.com.br/imoveis/pagina/2;Casa;"Unaí, MG";;9000000;img_5c5f8275334d303a8288164d44d30ce3.jpeg;https://primeimoveisunai.com.br/imovel/casa-brasilia-venda-RS9000000/75282;;;;erro_http_500;img_5c5f8275334d303a8288164d44d30ce3.jpeg;"13/06/2026 01:57:17";"2026-06-13 01:57:17";"16/06/2026 18:46:49";"2026-06-16 18:46:49";1783918637
"Prime Imóveis - Locação";imoveisunai;Unaí;MG;;;Casas;Venda;"(38) 99970-6070";2026-07-16;https://primeimoveisunai.com.br/imoveis/pagina/2;Casa;"Unaí, MG";"<b>Detalhes do imóvel</b><br/>VENDA:<br/>A partir de<br/>R$ 1.700.000,00<br/>Dormitórios: 5 (sendo 1 suíte)<br/>Banheiros: 5<br/>Garagens: 4<br/>Área Terreno: 450.00m2";1700000;img_2b058a4a45e83cd13fa747e6c248e312.jpeg;https://primeimoveisunai.com.br/imovel/casa-no-bairro-centro-unai-venda-RS1700000/42111;"VENDE-SE ÓTIMO SOBRADO - Prime Imóveis - Compra, venda e administração de imóveis";img_b8b1c876962def5554518246de6acd46.jpeg;"VENDE-SE ÓTIMO SOBRADO LOTE 450M² AREÁ CONSTUIDA360M² 4 QUARTOS 1 SUÍTE 5 BANHEIROS SOCIAIS GARAGEM P/ 4 CARROS LOCAL P INSTALAÇÃO DE PISCINA MÓVEIS PLANEJADOS R$1.700.000,00 Entre em contato conosco: (38) 3677-6070/ 9.9970-6070 www.primeimoveisunai.com.br Rua Celina Lisboa Frederico, n° 69, Térreo - Centro - Unai - MG CRECI: MGJ0006090";ok;img_98181788cf04f3d3f44fdbf4948cdfea.jpeg,img_2b058a4a45e83cd13fa747e6c248e312.jpeg,img_4f09317c06d8c57025cb52911ff228af.jpeg,img_2d4b2d5f5daf385ef12c638f91bfbdf4.jpeg,img_145f2d0c56a5e335448e22cff9fc7d1d.jpeg,img_6f16a2ad106ec39a514fe7c5595aa56b.jpeg,img_af5b9fa414f33d9278141ed61e9e36c8.jpeg,img_70cd14ed94dfcb14bdc9666bff813c40.jpeg,img_3b2f322150bf2eca425061fb6d15b87f.jpeg,img_697e592bc49fc21d80fabc075dc1d7e6.jpeg;"13/06/2026 01:57:31";"2026-06-13 01:57:31";"16/06/2026 18:46:49";"2026-06-16 18:46:49";1783918651
"Prime Imóveis - Locação";imoveisunai;Unaí;MG;;;Apartamentos;Venda;"(38) 99970-6070";2026-07-16;https://primeimoveisunai.com.br/imoveis/pagina/2;Apartamento;"Unaí, MG";"<b>Detalhes do imóvel</b><br/>VENDA:<br/>A partir de<br/>R$ 620.000,00<br/>Dormitórios: 3 (sendo 1 suíte)<br/>Banheiros: 2<br/>Área Terreno: 108.90m2";620000;img_0c01caaeb1fd22819290f0a9bae2101b.jpeg;https://primeimoveisunai.com.br/imovel/apartamento-no-bairro-centro-unai-venda-RS620000/19821;"VENDE-SE APARTAMENTO DE ALTO PADRÃO NO CENTRO - Prime Imóveis - Compra, venda e administração de imóveis";img_8cfb395c9d9aee39adbc666f7c7da5e1.jpeg;"VENDE-SE APARTAMENTO - RES. BURITIS ÁREA: 108,9m² CENTRO - UNAÍ-MG 3  QUARTOS, SENDO UM SUÍTE SACADA NO QUARTO SOCIAL E NA SUÍTE 1 BANHEIRO SOCIAL SALA E COZINHA ESPAÇOSAS LAVANDERIA COM ARMÁRIOS PLANEJADOS PISO DO APARTAMENTO EM PORCELANATO AMBIENTES COM LUMINÁRIAS EMBUTIDAS 1 VAGA DE GARAGEM 6 ANDAR 1 ELEVADOR APARTAMENTO NOVO    VALOR: R$620.000,00 FINANCIA Entre em contato conosco: (38) 3677-6070/ 9.9970-6070 www.primeimoveisunai.com.br Rua Celina Lisboa Frederico, n° 69, Térreo - Centro - Unai - MG CRECI: MGJ0006090";ok;img_362c368704fc65e83ab037cd8c7fe6e1.jpeg,img_2b75fcbb8ce9c4b5707a9c3914a97fa6.jpeg,img_0c01caaeb1fd22819290f0a9bae2101b.jpeg,img_ddecea10f78a7695cb0f228357444e69.jpeg,img_366c8f508794cb560e12fa58356441a8.jpeg,img_a41ec0560fa1f9e9a20abffcdd462b71.jpeg,img_7ac34dbc4acbc2d365230742f8c69860.jpeg,img_869aab571c6bc4b3901ccfc769c244ad.jpeg,img_5aa9e02f905ee1f5ba47f06822f7893f.jpeg,img_012346b1a9e1806eec2bc642610b78d1.jpeg;"13/06/2026 01:57:42";"2026-06-13 01:57:42";"16/06/2026 18:46:49";"2026-06-16 18:46:49";1783918662
"Prime Imóveis - Locação";imoveisunai;Unaí;MG;;;Apartamentos;Aluguel;"(38) 99970-6070";2026-07-16;https://primeimoveisunai.com.br/imoveis/negociacao/locacao;Apartamento;"Unaí, MG";"<b>Detalhes do imóvel</b><br/>ALUGUEL: R$ 720,00/mês<br/>IPTU: R$ 600,00<br/>CONDOMÍNIO: R$ 130,00<br/>Dormitórios: 3 (sendo 1 suíte)<br/>Banheiros: 2<br/>Área Terreno: 100.00m2";720;img_754febbe20698f2cd45726d8ce9da1cd.jpeg;https://primeimoveisunai.com.br/imovel/apartamento-no-bairro-capim-branco-unai-aluguel-RS720/19793;"APARTAMENTO 204 RESIDENCIAL ISABEL D´ALBUQUERQUE - Prime Imóveis - Compra, venda e administração de imóveis";img_6dde42787fe43f8871f1be5d7ae3cc2a.jpeg;"ALUGA-SE APARTAMENTO ÁREA: 100m² UNAÍ-MG, BAIRRO CENTRO 3 QUARTOS, SENDO 1 SUÍTE 1 BANHEIRO SOCIAL SALA COZINHA LAVANDERIA AMBIENTES BEM DIVIDIDOS E ÓTIMA LOCALIZAÇÃO NÃO TEM ELEVADOR IPTU, ÁGUA E CONDOMÍNIO INCLUSOS -GARAGEM (VERIFICAR DISPONIBILIDADE) VALOR TOTAL: R$900,00 Entre em contato conosco: (38) 3677-6070/ 9.9970-6070 (38)9.9910-8530 Adriano (38)9.9932-6868 Rodrigo www.primeimoveisunai.com.br Rua Celina Lisboa Frederico, n° 69, Térreo - Centro - Unaí - MG CRECI: MGJ0006090";ok;img_9a7d652b7a3d5e7637460ccafbe155d3.jpeg,img_86d06076eca6507566a6c88a71fce223.jpeg,img_15bfcdf3637f1661e21efc06729159a6.jpeg,img_4692819c36ac2e3e3065f0880d182b01.jpeg,img_dcad79eb4cbf5bed0e8e03d7ab5fedd3.jpeg,img_7f34c3f22a4e8dcc301a372e0951a5c5.jpeg,img_b196ba93d5f47753a88279b26b681afc.jpeg,img_dd99d474441f22994cbec16fbde679d7.jpeg,img_37f561d7b980f7b3a1783e5e1dd38b73.jpeg,img_47c0b6f4ca5d0a1896102ee6a44b5da7.jpeg;"13/06/2026 01:58:00";"2026-06-13 01:58:00";"16/06/2026 18:46:49";"2026-06-16 18:46:49";1783918680
"Morado Imóveis";imoveisunai;Paracatu;MG;;;"Lotes e Terrenos";;"(38) 99856-5306";2026-07-13;https://moradoimoveis.com.br/busca;"Lote/Terreno no Jardim América -Paracatu";"Paracatu, MG";"<b>Descrição do Imóvel</b><br/>LOTE 01 QUADRA 44<br/>Parcelas: R$ 690,00<br/>Parcelas pagas:45<br/>Parcelas Remanescentes: 115<br/>Taxa de transferência:1.200,00<br/>Valor do ágio: 35.000,00<br/><b>Características do Imóvel</b><br/>Referência: 138 1278541<br/>Tipo de Imóvel: Residencial » Lote/Terreno<br/>Estágio do Imóvel: Terreno<br/>Área Total: 200.00 m²<br/>Terreno: 200.00 m²<br/>Largura dos Fundos: 10.00 m<br/>Largura da Frente: 10.00 m<br/>Comprimento da Direita: 20.00 m<br/>Comprimento da Esqueda: 20.00 m<br/>Última atualização do imóvel: 23/04/2026 10:01:16<br/><b>Detalhes do Imóvel</b><br/><ul><br/>Básico<br/><li>Energia</li><li>Esgoto</li><li>Pavimentação</li><li>Água</li><br/></ul>";35000;img_1ac6ae4f09fe82ccd439af4714148085.jpg;https://moradoimoveis.com.br/agios-jardim-america;"Lote/Terreno no Jardim América -Paracatu";img_84702547ba9d487a23550105eabbe82a.jpg;"Lote/Terreno para venda em Jardim América II, Paracatu, Minas Gerais, ágios jardim américa...";ok;img_84702547ba9d487a23550105eabbe82a.jpg;"13/06/2026 01:58:09";"2026-06-13 01:58:09";"13/06/2026 01:59:24";"2026-06-13 01:59:24";1783918689
"Morado Imóveis";imoveisunai;Paracatu;MG;;;"Lotes e Terrenos";;"(38) 99856-5306";2026-07-13;https://moradoimoveis.com.br/busca;"Lote/Ágio St Eduardo";"Paracatu, MG";"<b>Descrição do Imóvel</b><br/>Oportunidade imperdível no Santo Eduardo! ✨🏡<br/>Ágio de lote disponível com excelente localização e grande potencial de valorização em Paracatu/MG! 📍<br/>📐 315,25m²<br data-start=""162"" data-end=""165"">📍 Rua 6<br data-start=""173"" data-end=""176"">🏡 Lote nº 12 — Quadra 05<br data-start=""201"" data-end=""204"">💰 Parcelas de apenas R$ 1.020,00<br/>Ideal para quem deseja investir ou construir o imóvel dos sonhos em um bairro em constante crescimento! 🔑<br/>Para mais informações, fale com a corretora oficial da Morado Imóveis, a melhor da cidade e conhecida por realizar sonhos:<br data-start=""469"" data-end=""472"">📞 (38) 99920-2501 — Dita Rocha 💙<br/>Morado Imóveis<br/> <br/> <br/><b>Características do Imóvel</b><br/>Referência: 193 2161701<br/>Tipo de Imóvel: Residencial » Lote/Terreno<br/>Estágio do Imóvel: Terreno<br/>Área Total: 315.25 m²<br/>Última atualização do imóvel: 27/05/2026 17:39:23";40000;img_08e5989cfc31ddd795cd871b09f2c2dc.jpg;https://moradoimoveis.com.br/lote/agio;"Lote/Ágio St Eduardo";img_b9938b6b056de7dbb873a429b38d6e62.jpg;"Lote/Terreno para venda em Santo Eduardo, Paracatu, Minas Gerais, Lote/ágio st eduardo Oportunidade imperdível no Santo Eduardo! ✨🏡 Ágio de lote disponível com excelente localização e grande potencial de valorização em Paracatu/MG! 📍...";ok;img_b9938b6b056de7dbb873a429b38d6e62.jpg,img_e1fb570512f88d5711bb68b91c393624.jpg,img_2aad0ee05c7def5e56794157aef52939.jpg;"13/06/2026 01:58:10";"2026-06-13 01:58:10";"13/06/2026 01:59:24";"2026-06-13 01:59:24";1783918690
"Morado Imóveis";imoveisunai;Paracatu;MG;;;;;"(38) 99856-5306";2026-07-13;https://moradoimoveis.com.br/busca;"Ágios - Jardim Europa";"Paracatu, MG";"<b>Descrição do Imóvel</b><br/>Quadra 8 Lote 34<br/>Parcelas: R$ 723,79<br/>Quantidade de Parcelas pagas: 38<br/>Parcelas Remanescentes: 162<br/>Taxa de Transferência: 1.200,00<br/>Reajuste Anual: IPCA+6%<br/>Valor do Ágio: R$ 40.000,00<br/> <br/>Quadra 27 Lote 32<br/>Parcelas: R$ 541,66<br/>Quantidade de Parcelas pagas: 44<br/>Parcelas Remanescentes: 156<br/>Taxa de Transferência: 1.200,00<br/>Reajuste Anual: IPCA+6%<br/>Valor do Ágio: R$ 39.000,00<br/> <br/>Quadra 8 Lote 10 (361,38m²)<br/>Parcelas: R$ 893,91<br/>Quantidade de Parcelas pagas: 43<br/>Parcelas Remanescentes: 157<br/>Taxa de Transferência: 1.200,00<br/>Reajuste Anual: IPCA+6%<br/>Valor do Ágio: R$ 60.000,00<br/> <br/> <br/>Quadra 12 Lote 05<br/>Parcelas: R$ 887,00<br/>Quantidade de Parcelas pagas: 108<br/>Parcelas Remanescentes: 72<br/>Taxa de Transferência: R$ 1.200,00<br/>Reajuste Anual: IPCA+6%<br/>Valor do ágio: R$ 100.000,00<br/> <br/> <br/>Quadra 18 Lote 18<br/>Parcelas: R$ 893,19<br/>Quantidade de Parcelas pagas: 80<br/>Parcelas Remanescentes: 100<br/>Taxa de Transferência: R$ 1.200,00<br/>Reajuste Anual: IPCA+6%<br/>Valor do ágio: R$ 80.000,00<br/> <br/>Quadra 12 Lote 07<br/>Parcelas: R$ 880,00<br/>Quantidade de Parcelas pagas: 48<br/>Parcelas Remanescentes: 152<br/>Taxa de Transferência: R$ 1200,00<br/>Reajuste Anual: IPCA+6%<br/>Valor do ágio: R$ 45.000,00<br/> <br/> <br/>Quadra 30 Lote 09<br/>Parcelas: R$ 582,00<br/>Quantidade de Parcelas pagas: 50<br/>Parcelas Remanescentes: 150<br/>Taxa de Transferência: R$ 1200,00<br/>Reajuste Anual: IPCA+6%<br/>Valor do ágio: R$ 42.000,00<br/> <br/><b>Características do Imóvel</b><br/>Referência: 103 1089652<br/>Tipo de Imóvel: Residencial » Lote/Terreno<br/>Estágio do Imóvel: Terreno<br/>Terreno: 281.25 m²<br/>Largura dos Fundos: 11.25 m<br/>Largura da Frente: 11.25 m<br/>Comprimento da Direita: 25.00 m<br/>Comprimento da Esqueda: 25.00 m<br/>Última atualização do imóvel: 28/05/2026 15:12:31<br/><b>Detalhes do Imóvel</b><br/><ul><br/>Básico<br/><li>Energia</li><li>Esgoto</li><li>Pavimentação</li><li>Água</li><br/></ul>";45000;img_b2505485433b1dca20631729b88e9fcd.jpg;https://moradoimoveis.com.br/gios-jardim-europa;"Ágios - Jardim Europa";img_17edb95db029a83ce685614abb1bb55f.jpg;"Lote/Terreno para , Quadra 08 lote 34 - jardim europa...";ok;img_17edb95db029a83ce685614abb1bb55f.jpg;"13/06/2026 01:58:12";"2026-06-13 01:58:12";"13/06/2026 01:59:24";"2026-06-13 01:59:24";1783918692
"Morado Imóveis";imoveisunai;Paracatu;MG;;;"Lotes e Terrenos";Venda;"(38) 99856-5306";2026-07-13;https://moradoimoveis.com.br/busca;"Lote - Jardim América";"Paracatu, MG";"<b>Descrição do Imóvel</b><br/>🏡🌿 VENDA DE LOTE NO JARDIM AMÉRICA II 🌿🏡<br/>Procurando o lugar perfeito para construir a sua casa dos sonhos? Este é o imóvel ideal para você!<br/>Localizado no bairro Jardim América II, em Paracatu-MG, este amplo terreno de 200m² oferece toda a infraestrutura necessária para a sua comodidade: água, energia, esgoto e pavimentação.<br/>Com um valor incrível de apenas R$ 80.000,00, este lote é perfeito para quem busca um espaço para construir a casa própria, com muito espaço e tranquilidade.<br/>Não perca essa oportunidade! Entre em contato conosco e agende uma visita para conhecer esse incrível imóvel. Seu futuro lar espera por você! 🌟🏡<br/>#imoveisavenda #terrenoparavenda #jardimamerica #paracatumg #construasuacasa #imobiliariaparacatu<br/><b>Características do Imóvel</b><br/>Referência: 132 1269739<br/>Tipo de Imóvel: Residencial » Lote/Terreno<br/>Estágio do Imóvel: Terreno<br/>Área Útil: 200.00 m²<br/>Terreno: 200.00 m²<br/>Largura dos Fundos: 10.00 m<br/>Largura da Frente: 10.00 m<br/>Comprimento da Direita: 20.00 m<br/>Comprimento da Esqueda: 20.00 m<br/>Última atualização do imóvel: 31/07/2025 17:58:25<br/><b>Detalhes do Imóvel</b><br/><ul><br/>Básico<br/><li>Energia</li><li>Esgoto</li><li>Pavimentação</li><li>Água</li><br/></ul>";80000;img_517e8c86ca9cbf5ad0a444186b329ee0.jpg;https://moradoimoveis.com.br/lote-jardim-america;"Lote - Jardim América";img_2df347f8c2b71e98362abbdca806d3e7.jpg;"Lote/Terreno para venda em Jardim América II, Paracatu, Minas Gerais, Lote - jardim américa...";ok;img_2df347f8c2b71e98362abbdca806d3e7.jpg,img_59d7fdc901ad25255fbcc5c68b402a7c.jpg;"13/06/2026 01:58:13";"2026-06-13 01:58:13";"13/06/2026 01:59:24";"2026-06-13 01:59:24";1783918693
"Morado Imóveis";imoveisunai;Paracatu;MG;;;"Lotes e Terrenos";;"(38) 99856-5306";2026-07-13;https://moradoimoveis.com.br/busca;"Lote/Terreno, Vila Nova - Paracatu";"Paracatu, MG";"<b>Características do Imóvel</b><br/>Referência: 159 1605221<br/>Tipo de Imóvel: Residencial » Lote/Terreno<br/>Estágio do Imóvel: Terreno<br/>Área Útil: 200.00 m²<br/>Última atualização do imóvel: 30/12/2025 22:27:53<br/><b>Detalhes do Imóvel</b><br/><ul><br/>Básico<br/><li>Energia</li><li>Esgoto</li><li>Pavimentação</li><li>Água</li><br/></ul>";110000;img_a96566b3f1b16af57daf5fe46d06f1d7.jpg;https://moradoimoveis.com.br/lote/terreno-vila-nova-paracatu;"Lote/Terreno, Vila Nova - Paracatu";img_199459768835a369a036f931d042be16.jpg;"Lote/Terreno para venda em Vila Nova, Paracatu, Minas Gerais, Lote/terreno, vila nova - paracatu...";ok;img_199459768835a369a036f931d042be16.jpg;"13/06/2026 01:58:14";"2026-06-13 01:58:14";"13/06/2026 01:59:24";"2026-06-13 01:59:24";1783918694
"Morado Imóveis";imoveisunai;Paracatu;MG;;;"Lotes e Terrenos";;"(38) 99856-5306";2026-07-13;https://moradoimoveis.com.br/busca;"Lote - St Eduardo";"Paracatu, MG";"<b>Características do Imóvel</b><br/>Referência: 147 1358183<br/>Tipo de Imóvel: Residencial » Lote/Terreno<br/>Área Total: 253.00 m²<br/>Última atualização do imóvel: 05/09/2025 12:50:43<br/><b>Detalhes do Imóvel</b><br/><ul><br/>Básico<br/><li>Energia</li><li>Esgoto</li><li>Pavimentação</li><li>Água</li><br/></ul>";110000;img_7131952baa52eb6c8aa49f68ad86f242.jpg;https://moradoimoveis.com.br/lote-st-eduardo;"Lote - St Eduardo";img_2642a9ed67d2814f1d9f6d2aa96e25df.jpg;"Lote/Terreno para venda em Flamboyant, Paracatu, Minas Gerais, Lote - st eduardo...";ok;img_2642a9ed67d2814f1d9f6d2aa96e25df.jpg;"13/06/2026 01:58:16";"2026-06-13 01:58:16";"13/06/2026 01:59:24";"2026-06-13 01:59:24";1783918696
"Morado Imóveis";imoveisunai;Paracatu;MG;;;"Lotes e Terrenos";Venda;"(38) 99856-5306";2026-07-13;https://moradoimoveis.com.br/busca;"Lote 04 - Quadra 11";"Paracatu, MG";"<b>Descrição do Imóvel</b><br/>🏡 Excelente oportunidade de investimento no Jardim Europa, em Paracatu/MG! 🌳<br/>🌊 Com água, energia, esgoto e pavimentação, este terreno de 281.25m² é o local perfeito para construir a casa dos seus sonhos! 💫<br/>🔍 Consulte o valor e garanta já o seu espaço neste bairro tranquilo e valorizado. Não perca essa chance de adquirir um imóvel residencial de qualidade! 🏡<br/>📞 Entre em contato conosco para mais informações e agende uma visita. Seu futuro lar te espera no Jardim Europa! 🌿<br/>LOTE QUITADO<br/><b> </b><br/><b>ImóvelParaVenda #JardimEuropa #Paracatu #MG #LoteTerreno #Investimento #QualidadeDeVida</b><br/><b>Características do Imóvel</b><br/>Referência: 64 740945<br/>Tipo de Imóvel: Residencial » Lote/Terreno<br/>Estágio do Imóvel: Terreno<br/>Terreno: 281.25 m²<br/>Largura dos Fundos: 11.25 m<br/>Largura da Frente: 11.25 m<br/>Comprimento da Direita: 25.00 m<br/>Comprimento da Esqueda: 25.00 m<br/>Última atualização do imóvel: 26/12/2025 09:27:49<br/><b>Detalhes do Imóvel</b><br/><ul><br/>Básico<br/><li>Energia</li><li>Esgoto</li><li>Pavimentação</li><li>Água</li><br/></ul>";145000;img_f615ee43f28c3ad202bbd74d4e47437e.jpg;https://moradoimoveis.com.br/lote-24-quadra-32;"Lote 04 - Quadra 11";img_9243f991957d130b4e8cf191963168b1.jpg;"Lote/Terreno para em Jardim Europa, Paracatu, Minas Gerais, Lote 24 - quadra 32...";ok;img_9243f991957d130b4e8cf191963168b1.jpg;"13/06/2026 01:58:18";"2026-06-13 01:58:18";"13/06/2026 01:59:24";"2026-06-13 01:59:24";1783918698
"Morado Imóveis";imoveisunai;Paracatu;MG;;;"Sítios e Chácaras";Venda;"(38) 99856-5306";2026-07-13;https://moradoimoveis.com.br/busca;"Chácara - Paracatu";"Paracatu, MG";"<b>Descrição do Imóvel</b><br/>🌿🏡 TERRENO RURAL EM PARACATU, MG 🏡🌿<br/>🌊 Você sonha em ter seu próprio refúgio rodeado pela natureza e com acesso à água e energia? Este terreno em Paracatu, MG, é o lugar perfeito para realizar seu sonho!<br/>✨ Características do imóvel:<br/>- Área do terreno: 3000 m2<br/>- Localização: Paracatu, MG, Brasil<br/>- Preço de venda: R$ 160.000,00<br/>- Apenas 25km do centro da cidade<br/>🌳 Desfrute de paz e tranquilidade em um ambiente rural, perfeito para construir a casa dos seus sonhos ou investir em um espaço dedicado ao lazer e descanso. Aproveite a oportunidade única de adquirir um terreno espaçoso e com ótimo potencial.<br/>📞 Entre em contato conosco e agende uma visita para conhecer este incrível terreno. Não perca essa oportunidade de investir em um pedaço de paraíso em Paracatu, MG! 🌟<br/>#terrenorural #paracatumg #oportunidade #natureza #investimento #imobiliária<br/><b>Características do Imóvel</b><br/>Status Área Rural<br/>Referência: 116 1255778<br/>Tipo de Imóvel: Rural » Terreno<br/>Estágio do Imóvel: Terreno<br/>Terreno: 3000.00 m²<br/>Última atualização do imóvel: 22/07/2025 14:09:27<br/><b>Detalhes do Imóvel</b><br/><ul><br/>Básico<br/><li>Energia</li><li>Água</li><br/></ul>";160000;img_a9af532b26d7055de06203f263939873.jpg;https://moradoimoveis.com.br/casa-paracatu;"Chácara - Paracatu";img_4ea07d0005beaea9d3517e4878d84f20.jpg;"Casa para venda em Paracatu, Minas Gerais, Casa - paracatu...";ok;img_4ea07d0005beaea9d3517e4878d84f20.jpg,img_9d36b30826425241ba83949f205766ca.jpg,img_c6117df9d7890d6bb6995691d709fe7d.jpg,img_f417b790c576a63cfce1af9d20619e5b.jpg,img_42ccaa0a05801a0efbd7b44101985b0c.jpg,img_b2286ed4446aed252864fdc812e78729.jpg;"13/06/2026 01:58:22";"2026-06-13 01:58:22";"13/06/2026 01:59:24";"2026-06-13 01:59:24";1783918702
"Morado Imóveis";imoveisunai;Paracatu;MG;;;"Lotes e Terrenos";;"(38) 99856-5306";2026-07-13;https://moradoimoveis.com.br/busca;"Lote/Terreno Novo Horizonte-Paracatu";"Paracatu, MG";"<b>Descrição do Imóvel</b><br/>Seu novo começo pode estar aqui! ✨<br/>Terreno disponível no bairro Novo Horizonte, em Paracatu/MG, perfeito para você construir a casa dos seus sonhos ou investir com segurança em uma região que não para de crescer! 🏡📈<br/>Localização estratégica, grande potencial de valorização e a oportunidade ideal para transformar projetos em realidade. 🔑<br/>Para mais informações, fale com a corretora oficial da Morado Imóveis, a melhor da cidade e conhecida por realizar sonhos:<br data-start=""466"" data-end=""469""><br/>Morado Imóveis<br/><b>Características do Imóvel</b><br/>Referência: 192 2161692<br/>Tipo de Imóvel: Residencial » Lote/Terreno<br/>Estágio do Imóvel: Terreno<br/>Área Total: 395.75 m²<br/>Última atualização do imóvel: 28/05/2026 15:06:39";200000;img_f0637b41fef31220bbe36a69136df43a.jpg;https://moradoimoveis.com.br/lote/terreno-no-novo-horizonte;"Lote/Terreno Novo Horizonte-Paracatu";img_e22472504670a917c7e0383751100b24.jpg;"Lote/Terreno para venda em Novo Horizonte, Paracatu, Minas Gerais, Lote/terreno novo horizonte-paracatu Seu novo começo pode estar aqui! ✨ Terreno disponível no bairro Novo Horizonte, em Paracatu/MG, perfeito para você construir a casa dos seus sonhos...";ok;img_e22472504670a917c7e0383751100b24.jpg;"13/06/2026 01:58:23";"2026-06-13 01:58:23";"13/06/2026 01:59:24";"2026-06-13 01:59:24";1783918703
"Morado Imóveis";imoveisunai;Paracatu;MG;;;Apartamentos;;"(38) 99856-5306";2026-07-13;https://moradoimoveis.com.br/busca;"Apartamento - Jardim Palmeiras";"Paracatu, MG";"<b>Descrição do Imóvel</b><br/>Venha conhecer os belíssimos apartamentos localizados no Jardim Palmeiras, em Paracatu, MG. Com acabamento moderno e com todos os detalhes que você procura: Blindex, Concertina, cozinha americana, energia, esgoto, gesso, granito, iluminação em Led, interfone, pavimentação e piso frio.<br/>Os apartamentos possuem 2 quartos, 1 banheiro, 1 vaga de garagem, sala ambiente e área útil de 50m². Tudo isso por um preço incrível de R$220.000,00 até R$230.000,00.<br/>Não perca essa oportunidade de adquirir o seu novo lar! Entre em contato conosco e agende uma visita. Seu sonho de ter um apartamento moderno e bem localizado está mais próximo do que você imagina. Venha conferir!<br/> <br/>UNIDADES: 101, 201 e 204. BLOCO D<br/><b>Características do Imóvel</b><br/>Status Minha Casa Minha Vida<br/>Referência: 93 973204<br/>Tipo de Imóvel: Residencial » Apartamento<br/>Estágio do Imóvel: Pronto<br/>Quarto(s:) 2<br/>Sala(s:) 1<br/>Banheiro(s:) 1<br/>Vaga(s:) 1<br/>Ano de Construção: 2025<br/>Mobílias: Não Mobiliado<br/>Apartamentos por Andar: 4<br/>Andares por Torre/Bloco: 2<br/>Quantidade de Torres/Blocos: 1<br/>Área Útil: 50.00 m²<br/>Última atualização do imóvel: 16/12/2025 09:48:55<br/><b>Detalhes do Imóvel</b><br/><ul><br/>Acabamento<br/><li>Blindex</li><li>Gesso</li><li>Granito</li><li>Piso Frio</li><br/>Estrutura<br/><li>Concertina</li><li>Cozinha</li><li>Cozinha Americana</li><li>Interfone</li><br/>Básico<br/><li>Energia</li><li>Esgoto</li><li>Pavimentação</li><li>Água</li><br/>Destaques<br/><li>Iluminação em Led</li><br/></ul>";220000;img_f31fc02d3b6f05b7c0b2290770920763.jpg;https://moradoimoveis.com.br/apartamento-com-2-quartos-jardim-palmeiras-paracatu;"Apartamento - Jardim Palmeiras";img_35886174e91c4c35399b456f38727dba.jpg;"Apartamento para em Jardim Palmeiras, Paracatu, Minas Gerais, Apartamento com 2 quartos, jardim palmeiras - paracatu...";ok;img_35886174e91c4c35399b456f38727dba.jpg,img_c748a71986c98382289db066b15f91d7.jpg,img_773638a49c19fde317c12c073d77aa7b.jpg,img_a06c1203aad45b5fc4ac9902d7e88518.jpg,img_3d45ae79da7feccf7d2bd4edab687581.jpg,img_918cffb5f05653bc6a8a36d1fd596f51.jpg,img_c516a40adc31ce2bae1b02c3779624a7.jpg,img_d0bccf9a12e86530d223a5edc466ea65.jpg;"13/06/2026 01:58:25";"2026-06-13 01:58:25";"13/06/2026 01:59:24";"2026-06-13 01:59:24";1783918705
"Morado Imóveis";imoveisunai;Paracatu;MG;;;"Lotes e Terrenos";Venda;"(38) 99856-5306";2026-07-13;https://moradoimoveis.com.br/busca;"Lote/Terreno, Bandeirantes - Paracatu";"Paracatu, MG";"<b>Descrição do Imóvel</b><br/>🏡 Procurando o lugar ideal para construir a casa dos seus sonhos? Este terreno no bairro Bandeirantes, em Paracatu, MG, tem tudo o que você precisa!<br/>✨ Com infraestrutura completa, incluindo água, energia, esgoto e pavimentação, este lote de 300m2 é o cenário perfeito para o seu novo lar. Localizado em uma área tranquila e de fácil acesso, aqui você terá toda a comodidade e segurança que sua família merece.<br/>💰 Por apenas R$ 230.000,00, você garante esse terreno incrível e começa a construir um futuro repleto de alegrias. Aproveite esta oportunidade única e invista no seu bem-estar!<br/>📲 Entre em contato conosco para mais informações e agende uma visita. O terreno dos seus sonhos está esperando por você! 🌟 #ImóveisParaVenda #BandeirantesParacatuMG #LoteTerrenoResidencial<br/><b>Características do Imóvel</b><br/>Referência: 173 1811828<br/>Tipo de Imóvel: Residencial » Lote/Terreno<br/>Área Útil: 300.00 m²<br/>Largura dos Fundos: 12.00 m<br/>Largura da Frente: 12.00 m<br/>Comprimento da Direita: 25.00 m<br/>Comprimento da Esqueda: 25.00 m<br/>Última atualização do imóvel: 17/03/2026 15:50:15<br/><b>Detalhes do Imóvel</b><br/><ul><br/>Básico<br/><li>Energia</li><li>Esgoto</li><li>Pavimentação</li><li>Água</li><br/></ul>";230000;img_05d9e42c1effbda742c490f4d634a088.jpg;https://moradoimoveis.com.br/lote/terreno-bandeirantes-paracatu;"Lote/Terreno, Bandeirantes - Paracatu";img_fda95ff68d2c10ec6f48653a6098c266.jpg;"Lote/Terreno para venda em Bandeirantes, Paracatu, Minas Gerais, Lote/terreno, bandeirantes - paracatu...";ok;img_fda95ff68d2c10ec6f48653a6098c266.jpg;"13/06/2026 01:58:27";"2026-06-13 01:58:27";"13/06/2026 01:59:24";"2026-06-13 01:59:24";1783918707
"Morado Imóveis";imoveisunai;Paracatu;MG;;;Casas;;"(38) 99856-5306";2026-07-13;https://moradoimoveis.com.br/busca;"Casa com 2 quartos em Jardim Palmeiras, Paracatu - R$ 250.000,00";"Paracatu, MG";"<b>Descrição do Imóvel</b><br/>Apresentamos a Casa no Jardim Palmeiras, uma excelente oportunidade para quem busca um lar prático e bem localizado em Paracatu. Este imóvel compacto oferece tudo o que você precisa para viver com conforto e qualidade.<br/>Com uma configuração de 2 quartos e 1 banheiro, esta residência é ideal para famílias pequenas ou para quem deseja um espaço aconchegante. Cada ambiente foi pensado para proporcionar funcionalidade e bem-estar.<br/>Entre os detalhes que tornam esta casa ainda mais especial, destacamos:<br/><ul><br/><li>Acabamentos de qualidade: Gesso e granito que conferem elegância e durabilidade.</li><br/><li>Ambientes bem iluminados: A utilização de Blindex permite uma iluminação natural agradável.</li><br/><li>Infraestrutura completa: Água, energia e esgoto disponíveis, garantindo praticidade no seu dia a dia.</li><br/><li>Pavimentação e piso frio: Proporcionam conforto e facilidade na manutenção.</li><br/></ul><br/>Com um preço acessível de R$ 250.000,00, esta casa no Jardim Palmeiras é uma excelente escolha para quem valoriza um bom investimento em um imóvel bem acabado.<br/>Não perca a oportunidade de conhecer este imóvel que pode ser o seu novo lar. Agende uma visita e venha conferir de perto tudo o que esta casa tem a oferecer!<br/><b>Características do Imóvel</b><br/>Referência: 180 1869378<br/>Tipo de Imóvel: Residencial » Casa<br/>Estágio do Imóvel: Em Construção<br/>Quarto(s:) 2<br/>Sala(s:) 1<br/>Banheiro(s:) 1<br/>Vaga(s:) 1<br/>Área Útil: 50.00 m²<br/>Terreno: 100.00 m²<br/>Largura dos Fundos: 5.00 m<br/>Largura da Frente: 5.00 m<br/>Comprimento da Direita: 20.00 m<br/>Comprimento da Esqueda: 20.00 m<br/>Última atualização do imóvel: 17/03/2026 16:33:33<br/><b>Detalhes do Imóvel</b><br/><ul><br/>Acabamento<br/><li>Blindex</li><li>Gesso</li><li>Granito</li><li>Piso Frio</li><br/>Básico<br/><li>Energia</li><li>Esgoto</li><li>Pavimentação</li><li>Água</li><br/></ul>";250000;img_320aa3cff982abbc213a21d16ae35469.jpg;https://moradoimoveis.com.br/casa-jardim-palmeiras2qs;"Casa com 2 quartos em Jardim Palmeiras, Paracatu - R$ 250.000,00";img_a9a9dbefb025d96733708a613a411da3.jpg;"Descubra esta casa compacta e bem acabada em Jardim Palmeiras. Uma excelente oportunidade por R$ 250.000! Agende sua visita agora!";ok;img_a9a9dbefb025d96733708a613a411da3.jpg,img_2908b7a6e31fc9aa25a3bd2c6f20f9d3.jpg,img_9f02475cd8c87b1a5b50930f8b7c1f4e.jpg,img_d8657b8244194055fcf1e056fe6bf451.jpg,img_8f406dae84c852ea85a666cf89bf8560.jpg,img_098e6df879ad918ae4210dd4e3d96d67.jpg,img_12b554e6d27cb8a51c4d093baf39fde1.jpg;"13/06/2026 01:58:29";"2026-06-13 01:58:29";"13/06/2026 01:59:24";"2026-06-13 01:59:24";1783918709
"Morado Imóveis";imoveisunai;Paracatu;MG;;;;Aluguel;"(38) 99856-5306";2026-07-13;https://moradoimoveis.com.br/imoveis/aluguel;"Escritório - Paracatu";"Paracatu, MG";"<b>Características do Imóvel</b><br/>Status LOCAÇÃO<br/>Referência: 107 1162564<br/>Tipo de Imóvel: Comercial » Escritório<br/>Estágio do Imóvel: Pronto<br/>Banheiro(s:) 1<br/>Área Útil: 33.00 m²<br/>Última atualização do imóvel: 13/05/2025 09:48:09<br/><b>Detalhes do Imóvel</b><br/><ul><br/>Básico<br/><li>Acesso a Deficientes</li><li>Elevador</li><li>Energia</li><li>Esgoto</li><li>Pavimentação</li><li>Água</li><br/>Estrutura<br/><li>Elevador de Serviço</li><li>Ponto para Ar Condicionado</li><li>Portaria 24h</li><li>Zelador</li><br/>Acabamento<br/><li>Gesso Rebaixado</li><li>Porcelanato Acetinado</li><br/></ul>";1500;img_38e6d4efc838b3e11a2d7f7b6ace63d0.jpg;https://moradoimoveis.com.br/escritorio-paracatu;"Escritório - Paracatu";img_935bb8798bb46d6b2fa77e734510f35e.jpg;"Escritório para aluguel em Paracatu, Minas Gerais, Escritório - paracatu...";ok;img_935bb8798bb46d6b2fa77e734510f35e.jpg;"13/06/2026 01:58:30";"2026-06-13 01:58:30";"13/06/2026 01:59:24";"2026-06-13 01:59:24";1783918710
"Morado Imóveis";imoveisunai;Paracatu;MG;;;Kitnet;Aluguel;"(38) 99856-5306";2026-07-13;https://moradoimoveis.com.br/imoveis/aluguel;"Kitnet - Centro";"Paracatu, MG";"<b>Descrição do Imóvel</b><br/>🚨 OPORTUNIDADE ÚNICA 🚨<br/>Se você está procurando praticidade, conforto e economia… olha essa KITNET 👇<br/>✨ Apenas 1 vaga disponível<br data-start=""135"" data-end=""138"">💰 Aluguel: R$ 1.518,00<br data-start=""161"" data-end=""164"">📦 Condomínio: R$ 200,00 (já incluso água, energia e internet 😱)<br/>E não para por aí… 👇<br data-start=""256"" data-end=""259"">🏢 O prédio ainda conta com área comum, trazendo mais comodidade pra sua rotina!<br/>🔥 Ideal pra quem quer morar bem, gastando pouco e com tudo incluso!<br/>⚠️ Corre porque é a última unidade e pode sair a qualquer momento!<br/>📲 Para mais informações:<br data-start=""512"" data-end=""515"">Dita Rocha | Corretora<br data-start=""541"" data-end=""544"">Morado Imóveis – Paracatu<br data-start=""569"" data-end=""572"">📞 (38) 99920-2501<br/>#kitnet #aluguelparacatu #oportunidade #morarbem #paracatumg #imoveis #moradoimoveis #vempramoradoseu #últimaunidade<br/><b>Características do Imóvel</b><br/>Referência: 187 1907568<br/>Tipo de Imóvel: Residencial » Kitnet<br/>Estágio do Imóvel: Pronto<br/>Sala(s:) 1<br/>Banheiro(s:) 1<br/>Vaga(s:) 1<br/>Última atualização do imóvel: 22/04/2026 10:24:49<br/><b>Detalhes do Imóvel</b><br/><ul><br/>Acabamento<br/><li>Blindex</li><li>Gesso</li><br/>Estrutura<br/><li>Cozinha</li><br/>Básico<br/><li>Energia</li><li>Esgoto</li><li>Pavimentação</li><li>Água</li><br/></ul>";1518;img_a86c4fbf44822f401f1d0bdfa06aa029.jpg;https://moradoimoveis.com.br/kit-net;"Kitnet - Centro";img_8421151a2f63e82c056569189a546ffc.jpg;"Kitnet para aluguel, Kit net 🚨 OPORTUNIDADE ÚNICA 🚨 Se você está procurando praticidade, conforto e economia… olha essa KITNET 👇 ✨ Apenas 1 vaga disponível💰 Aluguel: R$ 1.518,00📦 Condomínio: R$ 200,00 (já incluso água, energia e...";ok;img_8421151a2f63e82c056569189a546ffc.jpg,img_c017270aedaf95b388ad571c767f4468.jpg,img_c4bb43e14caeb54d09388bcde76c388e.jpg,img_dbb89e371eb4eca0ed0106fcb1908b7e.jpg,img_8d70808a5223bf89a1c929683aa495f9.jpg,img_caef50eec466705951b9818c1b3644e8.jpg,img_c8054957d863d577ec4978419aa17ae1.jpg,img_903ecadbfe65eb01c0054f4c33d398ac.jpg,img_fbd05eb8d49b56abbbef4590105764b1.jpg,img_6d1f69e419a8af4fa8798d0c4536ffb5.jpg;"13/06/2026 01:58:33";"2026-06-13 01:58:33";"13/06/2026 01:59:24";"2026-06-13 01:59:24";1783918713
"Morado Imóveis";imoveisunai;Paracatu;MG;;;"Salas Comerciais";Aluguel;"(38) 99856-5306";2026-07-13;https://moradoimoveis.com.br/imoveis/aluguel;"Sala Comercial - Centro";"Paracatu, MG";"<b>Descrição do Imóvel</b><br/>Oportunidade de Locação no Centro da Cidade!<br/>Salas comerciais modernas, com flexibilidade total para você escolher o tamanho ideal do seu negócio.<br/>✔️ Espaços amplos e bem iluminados<br/>✔️ Localização estratégica no centro<br/>✔️ Ideal para escritórios, consultórios ou empresas<br/>✔️ Estrutura nova e pronta para uso<br/>💰 A partir de 1 salário mínimo<br/>📍 Garanta já o seu espaço e leve seu negócio para o próximo nível!<br/>📲 Entre em contato e agende uma visita. (38)99920-2501<br/><b>Características do Imóvel</b><br/>Referência: 186 1907554<br/>Tipo de Imóvel: Comercial » Escritório<br/>Estágio do Imóvel: Pronto<br/>Sala(s:) 1<br/>Banheiro(s:) 2<br/>Última atualização do imóvel: 22/04/2026 10:25:20<br/><b>Detalhes do Imóvel</b><br/><ul><br/>Serviços Próximos<br/><li>Avenida</li><li>Açougue</li><li>Lojas</li><br/>Acabamento<br/><li>Blindex</li><li>Gesso</li><br/>Estrutura<br/><li>Cozinha</li><br/>Básico<br/><li>Energia</li><li>Esgoto</li><li>Pavimentação</li><li>Água</li><br/></ul>";1518;img_46294a2ea424f0fa2dd0675203531afe.jpg;https://moradoimoveis.com.br/locacao-centro-da-ciadae;"Sala Comercial - Centro";img_9ed2611bab660b91dcb38e7d956757fa.jpg;"Escritório para aluguel em Centro, Paracatu, Locação centro da ciadae Oportunidade de Locação no Centro da Cidade! Salas comerciais modernas, com flexibilidade total para você escolher o tamanho ideal do seu negócio. ✔️ Espaços amplos e bem...";ok;img_9ed2611bab660b91dcb38e7d956757fa.jpg,img_e470905c9a73ae32449e034e4f8d6d5a.jpg,img_cd811e906a219251034a0c75e76ad527.jpg,img_2484fc37f99ac2734ca1796644b4add4.jpg,img_31e2540e390f023cca712e1b428fc7fc.jpg,img_6d844a3c05a3a63345d8b9acbdc187a5.jpg,img_5b792d78cae769046b76a6ce8bc7302b.jpg,img_350a22f5807800cbc9658cc6622ee204.jpg,img_61b11b9a461aa8c19b08cd29354a9f53.jpg;"13/06/2026 01:58:35";"2026-06-13 01:58:35";"13/06/2026 01:59:24";"2026-06-13 01:59:24";1783918715
"Morado Imóveis";imoveisunai;Paracatu;MG;;;Apartamentos;;"(38) 99856-5306";2026-07-13;https://moradoimoveis.com.br/imoveis/aluguel;"Apartamento com 3 Quartos";"Paracatu, MG";"<b>Descrição do Imóvel</b><br/>🏡 Seu novo lar dos sonhos está te esperando!<br/>Este lindo apartamento, localizado na área nobre da cidade, possui todas as comodidades que você deseja: área de serviço, blindex nos banheiros, cerca elétrica, closet espaçoso, garagem coberta, gesso rebaixado, acabamento em granito, iluminação em LED, interfone, lavabo, porcelanato polido e portão eletrônico.<br/>Com 3 quartos, sendo 1 suíte, e 3 banheiros, este imóvel amplo e arejado vai te proporcionar todo o conforto e qualidade de vida que você merece. A sala é espaçosa e perfeita para receber amigos e familiares.<br/>Localizado em uma área tranquila e com fácil acesso a comércios, escolas e transportes públicos, este apartamento é perfeito para quem busca praticidade e bem-estar.<br/>Não perca essa oportunidade única! Agende agora mesmo a sua visita e garanta o seu futuro lar por apenas R$460.000,00 até R$500.000,00.<br/>Entre em contato conosco para mais informações e surpreenda-se com a qualidade e conforto deste imóvel incrível! 🌟<br/><b>Características do Imóvel</b><br/>Referência: 171 1798115<br/>Tipo de Imóvel: Residencial » Apartamento<br/>Estágio do Imóvel: Pronto<br/>Quarto(s:) 3 (sendo 1 suíte)<br/>Sala(s:) 1<br/>Banheiro(s:) 3<br/>Vaga(s:) 1 ~ 2<br/>Mobílias: Não Mobiliado<br/>Área Útil: 94.00 m²<br/>Última atualização do imóvel: 03/06/2026 09:48:01<br/><b>Detalhes do Imóvel</b><br/><ul><br/>Acabamento<br/><li>Blindex</li><li>Gesso Rebaixado</li><li>Granito</li><li>Porcelanato Polido</li><br/>Estrutura<br/><li>Cerca Elétrica</li><li>Garagem Coberta</li><li>Interfone</li><li>Lavabo</li><li>Área de Serviço</li><br/>Destaques<br/><li>Closet</li><li>Iluminação em Led</li><li>Portão Eletrônico</li><br/></ul>";2000;img_fc96548e278cb402e43f85396a7544c5.jpg;https://moradoimoveis.com.br/apartamento-com-3-quartos;"Apartamento com 3 Quartos";img_eba9581393202709256f5727f77f547e.jpg;"Apartamento para venda, Apartamento com 3 quartos...";ok;img_eba9581393202709256f5727f77f547e.jpg,img_5f3d88dda2707b34c48d257ec465085b.jpg,img_afedad36c445f3d2b1f30462a4b96786.jpg,img_dd07103f7a119df95335c9c2e6ff390b.jpg,img_fd5c6e72bea504c2bf33a320f7a18163.jpg,img_784c8aa345f3a0f2aa343ca11154856d.jpg,img_8eaa7a7d18a735cff580f07a18729a31.jpg,img_182fc0bb999af01152b93c3d3f5d65cc.jpg,img_ed41824de4586036b7ffcd93317c4d93.jpg,img_7fa897b65657624828cfe2fb6edce9bd.jpg;"13/06/2026 01:58:38";"2026-06-13 01:58:38";"13/06/2026 01:59:24";"2026-06-13 01:59:24";1783918718
"Morado Imóveis";imoveisunai;Paracatu;MG;;;"Barracoes e Galpões";;"(38) 99856-5306";2026-07-13;https://moradoimoveis.com.br/imoveis/aluguel;"Barracão Comercial - Amoreiras II";"Paracatu, MG";"<b>Descrição do Imóvel</b><br/>🚨 OPORTUNIDADE IMPERDÍVEL EM PARACATU! 🚨<br/>Barracão disponível no bairro Amoreira II, ideal para o seu negócio crescer com estrutura e segurança!<br/>📐 368m² de área total<br data-start=""245"" data-end=""248"">🏢 Escritório pronto para uso<br data-start=""277"" data-end=""280"">🚻 Banheiros<br data-start=""292"" data-end=""295"">🔒 Cerca elétrica para mais segurança<br data-start=""332"" data-end=""335"">🚪 Portão eletrônico<br data-start=""355"" data-end=""358"">📦 Amplo espaço interno para diversas atividades<br/>✨ Perfeito para empresas, depósitos, oficinas ou investimento!<br/>Não perca essa chance de garantir um espaço estratégico para o seu negócio!<br/>📲 Fale comigo agora mesmo: (38) 99920-2501<br data-start=""598"" data-end=""601"">Dita | Morado Imóveis<br/><b>Características do Imóvel</b><br/>Referência: 182 1881446<br/>Tipo de Imóvel: Industrial » Galpão<br/>Estágio do Imóvel: Pronto<br/>Área Total: 378.00 m²<br/>Área Útil: 255.00 m²<br/>Largura dos Fundos: 12.00 m<br/>Largura da Frente: 12.00 m<br/>Última atualização do imóvel: 22/04/2026 10:27:41<br/><b>Detalhes do Imóvel</b><br/><ul><br/>Destaques<br/><li>Alarme</li><li>Portão Eletrônico</li><br/>Estrutura<br/><li>Cerca Elétrica</li><li>Cozinha</li><li>Garagem Coberta</li><br/>Básico<br/><li>Energia</li><li>Esgoto</li><li>Pavimentação</li><li>Água</li><br/></ul>";5000;img_fb016d40acb1a6ff7f8255cdaba1d672.jpg;https://moradoimoveis.com.br/barracao-amoreiras-2;"Barracão Comercial - Amoreiras II";img_326d17d2f5463b73f4369bb2c6ac3813.jpg;"Galpão para venda e aluguel em Paracatu, Minas Gerais, Barracão amoreiras 2 🚨 OPORTUNIDADE IMPERDÍVEL EM PARACATU! 🚨 Barracão disponível no bairro Amoreira II, ideal para o seu negócio crescer com estrutura e segurança! 📐 368m² de área...";ok;img_326d17d2f5463b73f4369bb2c6ac3813.jpg,img_e01ef4a3a1db1d84a4e187072d4d5cdb.jpg,img_6d7508e3fa7a1e81cd69eb3002600c39.jpg,img_43e6fdb6910485072876ea6d6b65a9a2.jpg,img_3d4ac69cc81f64d8651853327b060f0f.jpg,img_03c10554f44e7f74bae811d6fb04dbaf.jpg,img_d39c5d4fcfc7c99d339b3216c4b18e6b.jpg,img_58faeb4f08c8aa21ab41ed2aa563fa47.jpg,img_d425eb494f40c1eda3c433cc6695186b.jpg,img_df32675ac69f1e3d5cde117fa4e753e3.jpg;"13/06/2026 01:58:40";"2026-06-13 01:58:40";"13/06/2026 01:59:24";"2026-06-13 01:59:24";1783918720
"Morado Imóveis";imoveisunai;Paracatu;MG;;;Kitnet;;"(38) 99856-5306";2026-07-13;https://moradoimoveis.com.br/imoveis/venda;"Kitnet no Prado-Paracatu";"Paracatu, MG";"<b>Descrição do Imóvel</b><br/>🏡 Linda Kitnet no coração de Paracatu! 🌟<br/>Localizada na Rua Euridamas Avelino de Barros, esta incrível Kitnet é o lugar perfeito para quem busca conforto e praticidade. Com 1 quarto, 1 banheiro, 1 vaga de garagem e uma sala aconchegante, você terá tudo o que precisa em um único lugar.<br/>Com uma área total de 38m2 e área útil do mesmo tamanho, este imóvel é ideal para quem busca um espaço compacto e funcional. Além disso, está localizado em uma região tranquila e de fácil acesso, próximo a comércios e serviços.<br/>Não perca a oportunidade de morar em um lugar aconchegante e com tudo o que você precisa! Entre em contato conosco e agende uma visita. Seja bem-vindo ao seu novo lar! 🏡💫<br/>Contato: (XX) XXXX-XXXX.<br/><b>Características do Imóvel</b><br/>Referência: 137 1278419<br/>Tipo de Imóvel: Residencial » Kitnet<br/>Estágio do Imóvel: Em Construção<br/>Quarto(s:) 1<br/>Sala(s:) 1<br/>Banheiro(s:) 1<br/>Vaga(s:) 1<br/>Área Total: 38.00 m²<br/>Área Útil: 38.00 m²<br/>Última atualização do imóvel: 23/04/2026 10:02:20<br/><b>Detalhes do Imóvel</b><br/><ul><br/>Acabamento<br/><li>Blindex</li><li>Gesso</li><li>Granito</li><li>Porcelanato Acetinado</li><br/>Básico<br/><li>Energia</li><li>Esgoto</li><li>Pavimentação</li><li>Água</li><br/></ul>";250000;img_fefbadd0420fe00f43fbb09423cf83bf.jpg;https://moradoimoveis.com.br/kitnet;"Kitnet no Prado-Paracatu";img_e8a32f51409979a5abc70f15d790f0e9.jpg;"Kitnet para venda em Prado, Paracatu, Minas Gerais, Kitnet - prado 🏡 Linda Kitnet no coração de Paracatu! 🌟Localizada na Rua Euridamas Avelino de Barros, esta incrível Kitnet é o lugar perfeito para quem busca conforto e praticidade. Com 1 quarto...";ok;img_e8a32f51409979a5abc70f15d790f0e9.jpg,img_7b8197bc5d2f0e37ba34d8b8a3951322.jpg,img_3f1278452973d197860df2e6a2f21c2e.jpg,img_7d9c57c8d83138a17583ee8bc5aaceea.jpg,img_085f5ffd3cffa6e517595fa1ad478263.jpg,img_82f3703a55b779b3bdad12059e6bed71.jpg,img_29c6c7737f010de91ace3d3a2005c120.jpg,img_9a4780b52642720955b5d1bdf26a791f.jpg,img_fdcf515f371d8a19c05ccae86195b89b.jpg,img_e255b2f34c031ed963788266573646ed.jpg;"13/06/2026 01:59:10";"2026-06-13 01:59:10";"13/06/2026 01:59:24";"2026-06-13 01:59:24";1783918750
"Morado Imóveis";imoveisunai;Paracatu;MG;;;"Lotes e Terrenos";;"(38) 99856-5306";2026-07-13;https://moradoimoveis.com.br/imoveis/venda;"LOTE - SANTA LÚCIA";"Paracatu, MG";"<b>Características do Imóvel</b><br/>Referência: 117 1256132<br/>Tipo de Imóvel: Residencial » Lote/Terreno<br/>Estágio do Imóvel: Terreno<br/>Terreno: 356.41 m²<br/>Última atualização do imóvel: 23/01/2026 14:08:29<br/><b>Detalhes do Imóvel</b><br/><ul><br/>Básico<br/><li>Energia</li><li>Esgoto</li><li>Pavimentação</li><li>Água</li><br/></ul>";250000;img_f0a9ef18965ac4b410c7090566aeed2e.jpg;https://moradoimoveis.com.br/lote-santa-lucia;"LOTE - SANTA LÚCIA";img_9bf0e1d09e8b93fd0c6515576b359e21.jpg;"Lote/Terreno para venda em Santa Lúcia, Lote - santa lúcia...";ok;img_9bf0e1d09e8b93fd0c6515576b359e21.jpg,img_7e490fbeb6e0b064d324ea28dbc32e5c.jpg;"13/06/2026 01:59:12";"2026-06-13 01:59:12";"13/06/2026 01:59:24";"2026-06-13 01:59:24";1783918752
"Morado Imóveis";imoveisunai;Paracatu;MG;;;Casas;;"(38) 99856-5306";2026-07-13;https://moradoimoveis.com.br/imoveis/venda;"Casa com 2 quartos e 1 suíte em Jardim Palmeiras, Paracatu - R$ 275.000,00";"Paracatu, MG";"<b>Descrição do Imóvel</b><br/>Apresentamos uma oportunidade única para você que deseja adquirir um novo lar em Jardim Palmeiras, Paracatu. Esta encantadora casa está em fase de construção e será entregue em aproximadamente 10 meses, oferecendo a chance de personalizar seu novo espaço desde o início.<br/>Com uma configuração inteligente e aconchegante, a casa conta com:<br/><ul><br/><li>2 Quartos, sendo 1 suíte, proporcionando conforto e privacidade para você e sua família.</li><br/><li>1 Banheiro, ideal para atender às necessidades do dia a dia.</li><br/></ul><br/>Além de sua excelente distribuição, o imóvel se destaca por suas características de qualidade, incluindo:<br/><ul><br/><li>Água e Esgoto instalados, assegurando praticidade no seu cotidiano.</li><br/><li>Energia elétrica disponível para um lar sempre iluminado.</li><br/><li>Acabamentos em Gesso e Granito, que conferem elegância e sofisticação aos ambientes.</li><br/><li>Piso frio em todas as áreas, promovendo conforto térmico.</li><br/><li>Blindex nas janelas, garantindo segurança e estética.</li><br/><li>Pavimentação ao redor da casa, proporcionando fácil acesso e manutenção.</li><br/></ul><br/>Com um valor de R$ 275.000,00, esta é a oportunidade perfeita para você que busca um lar moderno e funcional, em uma localização privilegiada.<br/>Não perca a chance de garantir seu futuro lar! Entre em contato conosco e agende uma visita para conhecer mais sobre este projeto incrível. 🏡✨<br/><b>Características do Imóvel</b><br/>Referência: 178 1869190<br/>Tipo de Imóvel: Residencial » Casa<br/>Estágio do Imóvel: Breve Lançamento<br/>Quarto(s:) 2 (sendo 1 suíte)<br/>Sala(s:) 1<br/>Banheiro(s:) 1<br/>Vaga(s:) 1 ~ 2<br/>Área Útil: 58.00 m²<br/>Terreno: 100.00 m²<br/>Última atualização do imóvel: 17/03/2026 15:49:12<br/><b>Detalhes do Imóvel</b><br/><ul><br/>Acabamento<br/><li>Blindex</li><li>Gesso</li><li>Granito</li><li>Piso Frio</li><br/>Básico<br/><li>Energia</li><li>Esgoto</li><li>Pavimentação</li><li>Água</li><br/></ul>";275000;img_e659be0776e14d495455d89c46130a63.jpg;https://moradoimoveis.com.br/casa-jardim-palmeiras-2q;"Casa com 2 quartos e 1 suíte em Jardim Palmeiras, Paracatu - R$ 275.000,00";img_5e9ca04147545e2d474bed4d02caa773.jpg;"Casa à venda no Jardim Palmeiras por R$ 275.000,00. Uma oportunidade imperdível! Entre em contato e agende sua visita! 🏡💰";ok;img_5e9ca04147545e2d474bed4d02caa773.jpg;"13/06/2026 01:59:14";"2026-06-13 01:59:14";"13/06/2026 01:59:24";"2026-06-13 01:59:24";1783918754
"Morado Imóveis";imoveisunai;Paracatu;MG;;;Casas;Venda;"(38) 99856-5306";2026-07-13;https://moradoimoveis.com.br/imoveis/venda;"Casa - Jardim Palmeiras";"Paracatu, MG";"<b>Descrição do Imóvel</b><br/>🌴 Linda casa à venda no Jardim Palmeiras, em Paracatu/MG! 🌴<br/>🏡 Características:<br/>- Quartos: 2<br/>- Banheiros: 2<br/>- Suíte: 1<br/>- Sala aconchegante<br/>- Área total: 100m²<br/>- Área útil: 61m²<br/>🌟 Esta casa encantadora é perfeita para você e sua família! Com uma localização privilegiada e um design moderno, é o lar dos seus sonhos! 🌟<br/>📲 Entre em contato agora mesmo e agende uma visita para conhecer esse imóvel incrível! 📲<br/>Não perca essa oportunidade de viver no Jardim Palmeiras! Aguardamos por você! 🏡💫<br/><b>Características do Imóvel</b><br/>Referência: 122 1258921<br/>Tipo de Imóvel: Residencial » Casa<br/>Estágio do Imóvel: Acabamento (80%)<br/>Quarto(s:) 2 (sendo 1 suíte)<br/>Sala(s:) 1<br/>Banheiro(s:) 2<br/>Área Total: 100.00 m²<br/>Área Útil: 61.00 m²<br/>Última atualização do imóvel: 28/05/2026 15:11:33<br/><b>Detalhes do Imóvel</b><br/><ul><br/>Acabamento<br/><li>Gesso</li><li>Granito</li><li>Piso Frio</li><br/>Estrutura<br/><li>Lavanderia</li><br/>Destaques<br/><li>Quintal</li><br/></ul>";275000;img_8558dbc2c7dcbb48f8fc483a95d28531.jpg;https://moradoimoveis.com.br/casa-01;"Casa - Jardim Palmeiras";img_3b900a473a79d0f3896a567045fc4695.jpg;"Casa para venda em Jardim Palmeiras, Paracatu, Minas Gerais, Casa -01 🌴 Linda casa à venda no Jardim Palmeiras, em Paracatu/MG! 🌴🏡 Características:- Quartos: 2- Banheiros: 2- Suíte: 1- Sala aconchegante- Área total: 100m²- Área útil:...";ok;img_3b900a473a79d0f3896a567045fc4695.jpg,img_2716a60afd04709bec40dd43b01d52ff.jpg,img_5ea4ea026809b0351e2b619de0d23954.jpg,img_fcc9a4ed3f6b3006b7afdcd48a184aa0.jpg,img_fac55ffd9ac4815531ec6ee3de325a98.jpg,img_e7ec49f35fd3f46b2c845a228657ac87.jpg,img_6218b34d17ea6c6413eeb445eb9ec2b5.jpg,img_a9c9bf45254493f063a004a4b49c26ec.jpg,img_836dafa8a55fac15d9c1f4431a3244ce.jpg;"13/06/2026 01:59:16";"2026-06-13 01:59:16";"13/06/2026 01:59:24";"2026-06-13 01:59:24";1783918756
"Morado Imóveis";imoveisunai;Paracatu;MG;;;Casas;Venda;"(38) 99856-5306";2026-07-13;https://moradoimoveis.com.br/imoveis/venda;"Casa - Jardim Palmeiras";"Paracatu, MG";"<b>Descrição do Imóvel</b><br/>🏡 Linda Casa à venda no Jardim Palmeiras, Paracatu, MG!<br/>✔️ Valor: R$ 300.000,00<br/>✔️ Quartos: 2<br/>✔️ Banheiros: 2<br/>✔️ Suíte: 1<br/>✔️ Vagas na garagem: 2<br/>✔️ Sala ampla<br/>✔️ Área total: 99m²<br/>✔️ Área útil: 61m²<br/>🌳 Com um charmoso jardim, esta casa residencial é perfeita para quem busca conforto e tranquilidade. Excelente localização em um bairro residencial, ideal para famílias que buscam um lugar para chamar de lar.<br/>🔑 Não perca essa oportunidade, agende já a sua visita e venha conhecer o seu novo lar!<br/>Entre em contato para mais informações:<br/>#CasaParaVenda #JardimPalmeiras #Paracatu #MG #SeuNovoLar #Imóveis<br/>https://moradoimoveis.com.br/casa-02<br/><b>Características do Imóvel</b><br/>Referência: 123 1258936<br/>Tipo de Imóvel: Residencial » Casa<br/>Estágio do Imóvel: Acabamento (80%)<br/>Quarto(s:) 2 (sendo 1 suíte)<br/>Sala(s:) 1<br/>Banheiro(s:) 2<br/>Vaga(s:) 2<br/>Área Total: 99.00 ~ 100.00 m²<br/>Área Útil: 61.00 m²<br/>Última atualização do imóvel: 26/02/2026 09:28:10";320000;img_16f97258a7a840c5adbb455e32e7e7fe.jpg;https://moradoimoveis.com.br/casa-02;"Casa - Jardim Palmeiras";img_64c1fcc3ef8ea4afda832312b5f63d8b.jpg;"Casa para venda em Jardim Palmeiras, Paracatu, Minas Gerais, Casa 02 CASA HB 02 JARDIM PALMEIRAS...";ok;img_64c1fcc3ef8ea4afda832312b5f63d8b.jpg,img_f889fa9af171795bca062344b76b6006.jpg,img_d3806be4ceae29e4249b8004fcd689ff.jpg,img_18718a3cb5222321ddffa39e4749aa33.jpg,img_62444fae2e17683f038cbb61406ce4dc.jpg,img_b054e36f934f466a0dec3e946d440808.jpg,img_7837fe29729a10c79fbf5878f2703c86.jpg,img_0dfad4cd1bfb0fcf93895a251f470e25.jpg;"13/06/2026 01:59:19";"2026-06-13 01:59:19";"13/06/2026 01:59:24";"2026-06-13 01:59:24";1783918759
"Morado Imóveis";imoveisunai;Paracatu;MG;;;;Aluguel;"(38) 99856-5306";2026-07-13;https://moradoimoveis.com.br/imoveis/venda;"Ap - Centro";"Paracatu, MG";"<b>Descrição do Imóvel</b><br/>Morar no coração da cidade nunca foi tão fácil! 🏙️<br/>Sabe aquele apê que é só entrar e morar? É este! Localizado estrategicamente no Centro, ele oferece a conveniência de ter tudo à mão e o conforto de já estar semi-mobiliado. Menos preocupação com mudança e mais tempo para aproveitar sua nova vida.<br/><ul><br/><li><br/>📍 Localização: Centro (perto de tudo!)<br/></li><br/><li><br/>🛋️ Diferencial: Semi-mobiliado (prático e funcional)<br/></li><br/><li><br/>💰 Aluguel: R$ 2.500,00/mês<br/></li><br/></ul><br/>Não perde tempo, unidades no centro com esse valor voam! Agende sua visita. 🚀<br/><b>Características do Imóvel</b><br/>Referência: 179 1869219<br/>Tipo de Imóvel: Residencial » Apartamento<br/>Estágio do Imóvel: Pronto<br/>Quarto(s:) 2<br/>Sala(s:) 1<br/>Banheiro(s:) 1<br/>Vaga(s:) 1<br/>Mobílias: Semimobiliado<br/>Área Útil: 50.00 m²<br/>Última atualização do imóvel: 19/03/2026 15:45:50<br/><b>Detalhes do Imóvel</b><br/><ul><br/>Serviços Próximos<br/><li>Academias de ginástica</li><li>Avenida</li><li>Açougue</li><li>Banco</li><li>Escola 1º Grau</li><li>Escola 2º Grau</li><li>Farmácia</li><li>Feiras</li><li>Igreja Evangélica</li><li>Lojas</li><li>Mercado</li><li>Pizzaria</li><li>Ponto de circular</li><li>Posto de Gasolina</li><li>Praça/Parque</li><li>Sorveteria</li><br/>Destaques<br/><li>Armário Planejado</li><li>Portão Eletrônico</li><br/>Acabamento<br/><li>Blindex</li><li>Gesso</li><li>Granito</li><li>Mármore</li><li>Porcelanato Polido</li><br/>Estrutura<br/><li>Cozinha Planejada</li><li>Garagem Coberta</li><li>Interfone</li><br/>Básico<br/><li>Energia</li><li>Esgoto</li><li>Pavimentação</li><li>Água</li><br/></ul>";330000;img_1be699d34b2f434f9e074cf2e553dcfd.jpg;https://moradoimoveis.com.br/ap-centro;"Ap - Centro";img_ca4a6d56fc1992a0674ae7e1646b2b00.jpg;"Apartamento para venda em Centro, Paracatu, Minas Gerais, Ap - centro...";ok;img_ca4a6d56fc1992a0674ae7e1646b2b00.jpg,img_108736d69e30531cfb1d27098b91e2e0.jpg,img_a33efe0b37abb94ec970dbe8aab5c4fd.jpg,img_c4e6eccfb3ba09c333e7a7dc2c27d336.jpg,img_866c148a97bbb187f81baf9f88ba53a0.jpg,img_26d4533186c06b8334bd6e32432a85ef.jpg,img_a622b1a14f964f854ee946ebe1aa59e8.jpg,img_d2d5a65ca92000d4098ed1673dde1ba3.jpg,img_552b2f65a6e3f8e682129d9039e6bc9e.jpg;"13/06/2026 01:59:21";"2026-06-13 01:59:21";"13/06/2026 01:59:24";"2026-06-13 01:59:24";1783918761
"Morado Imóveis";imoveisunai;Paracatu;MG;;;Fazendas;Venda;"(38) 99856-5306";2026-07-13;https://moradoimoveis.com.br/imoveis/venda/fazenda;"Fazenda - Mundo Novo";"Paracatu, MG";"<b>Descrição do Imóvel</b><br/>🌾OPORTUNIDADE ÚNICA DE INVESTIMENTO EM FAZENDA EM PARACATU, MG🌾<br/>🌿 Localização: Paracatu, MG, BR<br/>🌿 Área total: 412,3 hectares<br/>🌿 Área plantada: 125 hectares<br/>🌿 Reserva ambiental: 197 hectares<br/>🌿 Potencial de expansão: 200 hectares<br/>🌿 Índice pluviométrico: 1400 mm anuais<br/>🌿 Topografia: Ondulada, com partes de terra pura e cascalho<br/>🌿 Altitude: 900m, ideal para plantio de grãos e café<br/>🌿 Infraestrutura: A ser desenvolvida<br/>🌿 Valor de venda: R$ 20.000.000,00<br/>👉 Fazenda com grande potencial de produtividade e lucratividade, em uma localização privilegiada para o agronegócio. Aproveite essa oportunidade para expandir seus negócios e obter retornos sólidos a longo prazo. Entre em contato conosco e agende uma visita!<br/>🌾 Invista no seu futuro com segurança e rentabilidade! Não perca essa chance de adquirir uma propriedade única em Paracatu, MG. Aguardamos seu contato! 🌿<br/><b>Características do Imóvel</b><br/>Referência: 176 1824630<br/>Tipo de Imóvel: Rural » Fazenda<br/>Área Total: 4123000.00 m²<br/>Área Útil: 2150000.00 m²<br/>Última atualização do imóvel: 03/03/2026 14:12:09";20000000;img_7407c310cbeca7b516c0b9b5c26357c4.jpg;https://moradoimoveis.com.br/fazenda-mundo-novo;"Fazenda - Mundo Novo";img_0bbd208cf4383590d11df63196e13ffc.jpg;"Fazenda para venda em Paracatu, Minas Gerais, Fazenda - mundo novo 🌾OPORTUNIDADE ÚNICA DE INVESTIMENTO EM FAZENDA EM PARACATU, MG🌾🌿 Localização: Paracatu, MG, BR🌿 Área total: 412,3 hectares🌿 Área plantada: 125 hectares🌿 Reserva...";ok;img_0bbd208cf4383590d11df63196e13ffc.jpg,img_66bdfdc370616f9ae4381eca85c725cc.jpg,img_271bf516c152f82e99c7d5f70a86fdc9.jpg,img_e56b752fb324d61b13d7bbd71dba7120.jpg,img_d9872831cb519c4e0c88d830f4eaeeed.jpg;"13/06/2026 01:59:23";"2026-06-13 01:59:23";"13/06/2026 01:59:24";"2026-06-13 01:59:24";1783918763
"Terra Fértil";imoveisunai;Unaí;MG;;;;Aluguel;"(38) 99958-5454";2026-07-16;https://www.terrafertilimobiliaria.com.br/imoveis;Sala;"Centro - Unaí - MG";"Aluguel<br/><b>R$ 765</b><br/>/mês<br/>Condomínio R$ 210IPTU R$ 25/mês<br/>Pacote de locação R$ 1.000/mês<br/>Banheiro1<br/><b>Descrição</b><br/>Sala com hall de entrada, 2 repartições, 1 cozinha, 1 banheiro<br/>Segundo andar<br/>Não possui garagem<br/>Incluso condomínio e IPTU<br/>Marque sua visita!<br/>Ver mais<br/><b>Características</b><br/>Alarme<br/>Armário cozinha<br/>Cozinha<br/>Elevador<br/>Escritório<br/>Piso cerâmico<br/>Ver mais";765;img_c308f7848f5ef6babf2aa12b9f9793ce.jpg;https://www.terrafertilimobiliaria.com.br/imovel/sala-unai/SA0034-TFUU;"Sala para alugar por R$ 1.000,00/mês - Centro - Unaí/MG";img_2dd7191f2b39ac016cd456f1d44d8a88.jpg;"Sala com hall de entrada, 2 repartições, 1 cozinha, 1 banheiro Segundo andar Não possui garagem Incluso condomínio e IPTU Marque sua visita!";ok;img_571397c2b158ffe52b9c8a403ea39026.jpg,img_71c7ce209e0bc5f805cacc59170adbef.jpg,img_3aa17ec351ef1c24b8d89a26803cb616.jpg,img_7540ae7bddb64138ce84362fbff41f6e.jpg,img_7799f9ed9867aa29b09d4d8461d3a105.jpg,img_c689de671caa5cedd3e27aceaafda9f3.jpg,img_bfda22a3ff51933613fb68148e7fd67c.jpg;"16/06/2026 18:45:40";"2026-06-16 18:45:40";"16/06/2026 18:46:49";"2026-06-16 18:46:49";1784238340
"Terra Fértil";imoveisunai;Unaí;MG;;;Kitnet;Aluguel;"(38) 99958-5454";2026-07-16;https://www.terrafertilimobiliaria.com.br/imoveis;Kitnet;"Cachoeira - Unaí - MG";"Aluguel<br/><b>R$ 970</b><br/>/mês<br/>Condomínio R$ 130IPTU R$ 15/mês<br/>Pacote de locação R$ 1.115/mês<br/>Quarto1<br/>Banheiro1<br/><b>Descrição</b><br/>Sala conjugada com cozinha, possui armários planejados, fogão, sofá retrátil e estante, quarto possui duas camas de solteirto, banheiro com móveis planejados.<br/>Não possui vaga de garagem<br/>1º andar com elevador<br/>Marque sua visita!<br/>Ver mais<br/><b>Características</b><br/>Armário banheiro<br/>Armário cozinha<br/>Armário sala<br/>Cozinha<br/>Elevador<br/>Interfone<br/>Mobiliado<br/>Piso cerâmico<br/>Ver mais";970;img_36c2991b27d627c3771de5bdf4910f55.jpg;https://www.terrafertilimobiliaria.com.br/imovel/kitnet-unai-1-quarto/KN0081-TFUU;"Kitnet com 1 dormitório para alugar por R$ 1.115,00/mês - Cachoeira - Unaí/MG";img_b5540859ad02a0dbce99f077ba896420.jpg;"Sala conjugada com cozinha, possui armários planejados, fogão, sofá retrátil e estante, quarto possui duas camas de solteirto, banheiro com móveis planejados. Não possui vaga de garagem 1º anda...";ok;img_579d0db89579d5ab70824288b81c2c7b.jpg,img_90213a2edbc5b2273ed0745b9bf0cca4.jpg,img_66ded9dc110c2826b6a83b8688c7d360.jpg,img_f84b271adbea4fb54259ebb10c05101a.jpg,img_beb378802d3e5b10fcca2c49ee0e82ff.jpg;"16/06/2026 18:45:44";"2026-06-16 18:45:44";"16/06/2026 18:46:49";"2026-06-16 18:46:49";1784238344
"Terra Fértil";imoveisunai;Unaí;MG;;;Kitnet;Aluguel;"(38) 99958-5454";2026-07-16;https://www.terrafertilimobiliaria.com.br/imoveis;Kitnet;"Cachoeira - Unaí - MG";"Aluguel<br/><b>R$ 1.036</b><br/>/mês<br/>Condomínio R$ 145IPTU R$ 19/mês<br/>Pacote de locação R$ 1.200/mês<br/>Quarto1<br/>Banheiro1<br/>Vaga1<br/><b>Descrição</b><br/>Quarto, sala com sacada e conjugada com a cozinha, banheiro social<br/>1 vaga de garagem<br/>5º andar de escada<br/>Marque sua visita!<br/>Ver mais<br/><b>Características</b><br/>Armário cozinha<br/>Cozinha<br/>Interfone<br/>Piso cerâmico<br/>Portão eletrônico<br/>Ver mais";1036;img_0fe7dc9ba94c46587c27cf82e29684b3.jpg;https://www.terrafertilimobiliaria.com.br/imovel/kitnet-unai-1-quarto/KN0082-TFUU;"Kitnet com 1 dormitório para alugar por R$ 1.200,00/mês - Cachoeira - Unaí/MG";img_ce18550cd11f99eb51b136cf1a27763f.jpg;"Quarto, sala com sacada e conjugada com a cozinha, banheiro social 1 vaga de garagem 5º andar de escada Marque sua visita!";ok;img_61f950942cdb43d35197207c9437a186.jpg,img_b44dcf4b6dd5848014b7840473ebd96d.jpg,img_9579754893d01fa341219ea4189a667d.jpg,img_46c65a681ad90809445fb24600aeb1af.jpg,img_8cfec0680485f76af5c5ee3e70254fde.jpg,img_acadbd072efe67a91b378a8c527d7dc3.jpg;"16/06/2026 18:45:58";"2026-06-16 18:45:58";"16/06/2026 18:46:49";"2026-06-16 18:46:49";1784238358
"Terra Fértil";imoveisunai;Unaí;MG;;;Apartamentos;Venda;"(38) 99958-5454";2026-07-16;https://www.terrafertilimobiliaria.com.br/imoveis/a-venda;Apartamento;"Residencial Aquarela, apartamentos com 2 quartos, 57 m²";"Venda<br/><b>Sob consulta</b><br/>Área útil57 m²<br/>Área bruta8.150 m²<br/>Quartos2<br/>Suíte1<br/>Banheiro1<br/>Vaga1<br/>Sala FitnessSim<br/><b>Características</b><br/>Academia<br/>Acesso para deficientes<br/>Água<br/>Área do terreno<br/>Brinquedoteca<br/>Cabine primária<br/>Churrasqueira<br/>Elevador<br/>Esgoto<br/>Gourmet<br/>Guarita de segurança<br/>Iluminação pública<br/>Instalações para internet<br/>Jardim<br/>Piscina<br/>Piscina adulto<br/>Piscina Infantil<br/>Playground<br/>Portão eletrônico<br/>Quadra poliesportiva<br/>Salão de festas<br/>Salão de jogos<br/>Solarium<br/>Vaga<br/>Ver mais<br/><b>Condomínio</b><br/>Residencial Aquarela o primeiro condomínio clube da Cidade de Unaí. Conforto e estilo à altura dos seus sonhos. Uma nova maneira de morar bem: esqueça tudo o que você já viu e abra sua visão para o novo.<br/>Com a experiência de 11 anos da Habitat Incorporadora e Nossa Constutora, o Residencial Aquarela traz, com excelência, inovação e exclusividade, todo o conforto do ambiente urbano, qualidade de vida e uma visão privilegiada.<br/>** Imagens Ilustrativas.**<br/>Ver mais<br/><b>Sobre a região</b><br/>Excelente localização, fácil acesso, próximo à supermercados, padarias, clube e muito mais.<br/>Ver mais";;img_4deca03b6fbf2f112313b8e690df255f.jpg;https://www.terrafertilimobiliaria.com.br/empreendimento/residencial-aquarela-apartamentos-unai-2-quartos-57-m/15262477-TFUU;"Residencial Aquarela, apartamentos Santa Luzia - Unaí";img_3e40ebc3cc919a839150c3c58fce19f6.jpg;"Residencial Aquarela o primeiro condomínio clube da Cidade de Unaí. Conforto e estilo à altura dos seus sonhos. Uma nova maneira de morar bem: esqueça tudo o que você já viu e abra sua visão para o...";ok;img_f36514ff228c2602cc20bc0f27873065.jpg,img_817582508d270c95721e50d864421d79.jpg,img_ee6055a329e491f2354d5d6c3dcff276.jpg,img_972ed90483c65e237733f596eea4dd99.jpg,img_158f2c09758ea76cabb8e7a84e210e38.jpg,img_904a5745902bcfcdc6227786b69ebc08.jpg,img_1ae938c7b38d659951851ddc0903ea20.jpg,img_05fddf2877c4d73eb37018b5b79bf6a3.jpg,img_35b3deb07a68529e4e7690f04e6aad4a.jpg,img_5fe1b10e1a3e8bcfc18a42d703456e13.jpg;"16/06/2026 18:46:07";"2026-06-16 18:46:07";"16/06/2026 18:46:49";"2026-06-16 18:46:49";1784238367
"Terra Fértil";imoveisunai;Unaí;MG;;;;Venda;"(38) 99958-5454";2026-07-16;https://www.terrafertilimobiliaria.com.br/imoveis/a-venda;Sala;"Edifício Valter Marins, salas, 15 m²";"Venda<br/><b>Sob consulta</b><br/>Área útil15 m²<br/>Área bruta9 a 15 m²<br/><b>Características</b><br/>Acessibilidade universal<br/>Acesso para deficientes<br/>Água<br/>Auditório<br/>Central de limpeza e governança<br/>Central Telefônica<br/>Cerca elétrica<br/>Circuito interno de TV<br/>Elevador<br/>Sala de reunião<br/>Sistema de incêndio<br/>Sistema de segurança<br/>TV a cabo<br/>Wi-fi<br/>Ver mais";;img_15c0b0a33fcd1935a9ab375069777609.jpg;https://www.terrafertilimobiliaria.com.br/empreendimento/edificio-valter-marins-salas-unai-15-m/15425435-TFUU;"Edifício Valter Marins, salas Itapuã - Unaí";img_36f1b4a1b28569bbdf5eb6d486796b2f.jpg;"Terra Fértil Imobiliária imovéis para venda e locação";ok;img_d6cc00d8b2517b20829bccb76d760554.jpg,img_332fe1156b6e52ea3b05cd79f95c2a02.jpg,img_1b49d4623a4aac1de7e892cd639e693b.jpg,img_01bc1d075a506cdc0df85eb2b48bd8c7.jpg,img_25c76d47b08603694abd7642fe5ad732.jpg,img_8b546336cb097f2ce0785c26fb67569a.jpg,img_5c312842f21024e9da18e87ba294042d.jpg;"16/06/2026 18:46:13";"2026-06-16 18:46:13";"16/06/2026 18:46:49";"2026-06-16 18:46:49";1784238373
"Terra Fértil";imoveisunai;Unaí;MG;;;"Lotes e Terrenos";Venda;"(38) 99958-5454";2026-07-16;https://www.terrafertilimobiliaria.com.br/imoveis/a-venda;Terreno;"Água Branca - Unaí - MG";"Venda<br/><b>R$ 0,01</b><br/>Valor do m² R$ 0<br/>Área bruta2.000 m²<br/><b>Descrição</b><br/>Vende-se Lotes Comerciais.<br/>Asfalto<br/>Iluminação<br/>Esgoto<br/>Ótimo fluxo de movimentação<br/>Ver mais<br/><b>Características</b><br/>Água<br/>Energia elétrica<br/>Esgoto<br/>Ver mais";;img_b78ae3ed4161d539ef0998704c70cc4b.jpg;https://www.terrafertilimobiliaria.com.br/imovel/terreno-unai-2-000-m/TE0049-TFUU;"Terreno de 2.000 m² na Mg-188 - Água Branca - Unaí - MG, à venda por R$ 0,01";img_ca0c15e40e97995d3dc1522b9c60955e.jpg;"Vende-se Lotes Comerciais. Asfalto Iluminação Esgoto Ótimo fluxo de movimentação";ok;img_061efcbf752d92a86d321eb66df586df.jpg;"16/06/2026 18:46:17";"2026-06-16 18:46:17";"16/06/2026 18:46:49";"2026-06-16 18:46:49";1784238377
"Terra Fértil";imoveisunai;Unaí;MG;;;Kitnet;Aluguel;"(38) 99958-5454";2026-07-16;https://www.terrafertilimobiliaria.com.br/imoveis/para-alugar;Kitnet;"Capim Branco - Unaí - MG";"Aluguel<br/><b>R$ 1.100</b><br/>/mês<br/>Condomínio R$ 200<br/>Pacote de locação R$ 1.300/mês<br/>Quarto1<br/>Banheiro1<br/>Aceita petSim<br/><b>Descrição</b><br/>Quarto com varanda ampla, sala de estar, cozinha com varanda, área de serviço e banheiro social.<br/>Não possui garagem<br/>Incluso condomínio<br/>Marque sua visita!<br/>Ver mais<br/><b>Características</b><br/>Área de serviço<br/>Cozinha<br/>Interfone<br/>Piso cerâmico<br/>Portão eletrônico<br/>Varanda<br/>Ver mais";1100;img_924904632a56552be319e51b3f808beb.jpg;https://www.terrafertilimobiliaria.com.br/imovel/kitnet-unai-1-quarto/KN0067-TFUU;"Kitnet com 1 dormitório para alugar por R$ 1.300,00/mês - Capim Branco - Unaí/MG";img_d93a439883a5b46f76c7d04e61a26b0c.jpg;"Quarto com varanda ampla, sala de estar, cozinha com varanda, área de serviço e banheiro social. Não possui garagem Incluso condomínio Marque sua visita!";ok;img_b3ec65dde2cd1bca979db6f044adcc55.jpg,img_82022ff37ff876702bf964a4e6997dad.jpg,img_614e99971de97f55f6fb456906a1d374.jpg,img_34998d00d156ef757f736c95c5928b0e.jpg,img_cc33514a9b480f061fc9b4d7a0884217.jpg,img_b38ffcb4f28b4b1e34525005e374ee16.jpg,img_7c48479fd6a87eeb1f22f354715a12db.jpg,img_21a9eef7b037c96297cf490ac0a740e2.jpg,img_fd1e37742fb680b9aec6fbbd74ddec05.jpg;"16/06/2026 18:46:35";"2026-06-16 18:46:35";"16/06/2026 18:46:49";"2026-06-16 18:46:49";1784238395
"Terra Fértil";imoveisunai;Unaí;MG;;;Apartamentos;Aluguel;"(38) 99958-5454";2026-07-16;https://www.terrafertilimobiliaria.com.br/imoveis/para-alugar;Apartamento;"Capim Branco - Unaí - MG";"Aluguel<br/><b>R$ 1.235</b><br/>/mês<br/>Venda<br/><b>R$ 280.000</b><br/>Condomínio R$ 180IPTU R$ 35/mês<br/>Pacote de locação R$ 1.450/mês<br/>Área privativa50 m²<br/>Quartos2<br/>Banheiro1<br/>Vaga1<br/><b>Descrição</b><br/>2 quartos com guarda roupa planejado, sala com sacada, cozinha planejada e banheiro social<br/>1 vaga de garagem<br/>3º andar de escada<br/>Área privativa 50 m²<br/>Aceita financiamento<br/>Marque sua visita!<br/>Ver mais<br/><b>Características</b><br/>Área de serviço<br/>Armário banheiro<br/>Armário cozinha<br/>Armário quarto<br/>Cozinha<br/>Interfone<br/>Piso cerâmico<br/>Portão eletrônico<br/>Sacada<br/>Ver mais";280000;img_e49d4eab2b711ca5c9beac6a87be132b.jpg;https://www.terrafertilimobiliaria.com.br/imovel/apartamento-unai-2-quartos/AP0168-TFUU;"Apartamento com 2 dormitórios - venda por R$ 280.000,00 ou aluguel por R$ 1.450,00/mê...";img_516786f8697d8b531254e3d8871a9c2c.jpg;"2 quartos com guarda roupa planejado, sala com sacada, cozinha planejada e banheiro social 1 vaga de garagem 3º andar de escada Área privativa 50 m² Aceita financiamento Marque sua visita!";ok;img_e8c75d992c5349891dc57d21603a3b5f.jpg,img_93c09af6266be609364de8b0e9a5f5b2.jpg,img_5f93f485253a92693addc46bf09a93c5.jpg,img_105ae502c6abeefbf16e14c9756201a2.jpg,img_1990ce39db4748d664b36a39a57c7536.jpg,img_c494e8c51c7b22f0735c9e8a5f07fb0c.jpg,img_1685095cefa00f8f26a69b7dcb603b9e.jpg;"16/06/2026 18:46:40";"2026-06-16 18:46:40";"16/06/2026 18:46:49";"2026-06-16 18:46:49";1784238400
"Terra Fértil";imoveisunai;Unaí;MG;;;Kitnet;Aluguel;"(38) 99958-5454";2026-07-16;https://www.terrafertilimobiliaria.com.br/imoveis/para-alugar;Kitnet;"Cachoeira - Unaí - MG";"Aluguel<br/><b>R$ 1.301</b><br/>/mês<br/>Condomínio R$ 180IPTU R$ 19/mês<br/>Pacote de locação R$ 1.500/mês<br/>Quarto1<br/>Banheiro1<br/><b>Descrição</b><br/>Quarto com cama de casal, tv, mesa, guarda roupa, ar condicionado e cortinas, Cozinha com armários, geladeira, microondas, fogão, maquina de lavar e mesa com 4 cadeiras<br/>Banheiro com armários<br/>Não possuí vaga de garagem<br/>Marque sua visita!<br/>Ver mais<br/><b>Características</b><br/>Armário banheiro<br/>Armário cozinha<br/>Armário quarto<br/>Cozinha<br/>Elevador<br/>Interfone<br/>Mobiliado<br/>Piso cerâmico<br/>Ver mais";1301;img_f182bfeb210e29c85a2b73919db66681.jpg;https://www.terrafertilimobiliaria.com.br/imovel/kitnet-unai-1-quarto/KN0085-TFUU;"Kitnet com 1 dormitório para alugar por R$ 1.500,00/mês - Cachoeira - Unaí/MG";img_266fbea869594fc14b5d6431d803a412.jpg;"Quarto com cama de casal, tv, mesa, guarda roupa, ar condicionado e cortinas, Cozinha com armários, geladeira, microondas, fogão, maquina de lavar e mesa com 4 cadeiras Banheiro com armários Nã...";ok;img_0c4eb2536a465fb8aa3c671ab9662444.jpg,img_a2b0c63af9bc73ec71c0c26bfb059255.jpg,img_37d5082d3b62760995d053336fd4dbe5.jpg,img_061810cde7d8e238d834cfa88792daed.jpg,img_029a8da32f33b2f3797048e0e2dba529.jpg,img_bb43abc80873a20466f2e8c2a7b1ef3c.jpg;"16/06/2026 18:46:45";"2026-06-16 18:46:45";"16/06/2026 18:46:49";"2026-06-16 18:46:49";1784238405
"Terra Fértil";imoveisunai;Unaí;MG;;;Fazendas;;"(38) 99958-5454";2026-07-16;www.terrafertilimobiliaria.com.br/imoveis/a-venda/fazenda;Fazenda;"Boqueirão - Unaí - MG";;950000;img_f3aea0d2f7a6000f6701df802f3a287d.jpg;/imovel/fazenda-unai-5-quartos-28-hectares/FA0001-TFUU;;;;erro_http_0;img_f3aea0d2f7a6000f6701df802f3a287d.jpg;"16/06/2026 18:46:49";"2026-06-16 18:46:49";"16/06/2026 18:46:49";"2026-06-16 18:46:49";1784238409
