nome;nome2;categoria;marca;marca2;logo;site;telefone;endereco;endereco2;instagram;whatsapp;whatsapp_numero;og_description;url_origem;data_scraper_brasil;data_scraper_eua
4Boss;4Boss;carros;;;/sites/agenciautodf.com.br/img/lojas/4boss.png;https://4boss.com.br/;(61) 3550-5472;(61) 99616-8559;(61) 99616-8559 Moacir@4Boss.com.br Www.4Boss.com.br / Brasil @4Boss_Brasil Ver Estoque;;;;;https://www.agenciautodf.com.br/lojas;18/05/2026 13:40;18/05/2026 13:40
4K Multimarcas;4K Multimarcas;carros;;;/sites/agenciautodf.com.br/img/lojas/4k-multimarcas.png;;(61) 3345-0274;;(61) 3345-4707 4Kmultimarcas@Gmail.com Www.4Kmultimarcas.com /4Kmultimarcas @4K.multimarcas Ver Estoque;;;;;https://www.agenciautodf.com.br/lojas;18/05/2026 13:40;18/05/2026 13:40
600 Multimarcas;600 Multimarcas;carros;;;/sites/agenciautodf.com.br/img/lojas/600-multimarcas.png;;(61) 3082-4921;;600Multimarcas@Gmail.com Www.600Multimarcas.com /600-Multimarcas @600Multimarcasbsb Ver Estoque;;;;;https://www.agenciautodf.com.br/lojas;18/05/2026 13:40;18/05/2026 13:40
704 Veículos;704 Veículos;carros;;;/sites/agenciautodf.com.br/img/lojas/704-veiculos.png;https://704veiculos.com.br/;(61) 3363-8744;(61) 99692-0511;(61) 99692-0511 Insta704Veiculos@Gmail.com Www.704Veiculos.com.br /704Veiculos @704Veiculosbsb Ver Estoque;https://www.instagram.com/704veiculosbsb/;;;;https://www.agenciautodf.com.br/lojas;18/05/2026 13:40;18/05/2026 13:40
AC2 Veículos;Ac2 Veículos;carros;;;/sites/agenciautodf.com.br/img/lojas/ac2-veiculos.png;https://ac2veiculos.com.br/;(61) 3475-5587;(61) 99697-6767;(61) 99697-6767 Ac2Veiculos@Gmail.com Www.ac2Veiculos.com.br /Ac2Veiculos @Ac2Veiculos Ver Estoque;https://www.instagram.com/ac2veiculos/;;;Acesse o site e confira as ofertas.;https://www.agenciautodf.com.br/lojas;18/05/2026 13:40;18/05/2026 13:40
AHoffmann Veículos;Ahoffmann Veículos;carros;;;/sites/agenciautodf.com.br/img/lojas/ahoffmann.png;https://ahoffmannveiculos.com/;(61) 3879-9973;(61) 99915-9009;(61) 99915-9009 Comercial@Hoffmannveiculos.com.br Www.ahoffmannveiculos.com.com.br /Ahoffmannveiculos @Ahoffmannveiculos Ver Estoque;https://www.instagram.com/ahoffmannveiculos/;;;Acesse o site e confira as ofertas.;https://www.agenciautodf.com.br/lojas;18/05/2026 13:40;18/05/2026 13:40
Aqui Veículos;Aqui Veículos;carros;;;/sites/agenciautodf.com.br/img/lojas/aqui-veiculos.png;https://aquiveiculosdf.com.br/;(61) 3547-3438;(61) 99360-5993;(61) 99360-5993 Aquiveiculosdf@Gmail.com Www.aquiveiculosdf.com.br /Aquiveiculo @Aquiveiculosdf Ver Estoque;https://www.instagram.com/aquiveiculosdf/;;;Acesse o site e confira as ofertas.;https://www.agenciautodf.com.br/lojas;18/05/2026 13:40;18/05/2026 13:40
Arena Concept Car;Arena Concept Car;carros;;;/sites/agenciautodf.com.br/img/lojas/arena-concept-car.png;https://arenaconceptcar.com.br/;(61) 3246-1862;(61) 99292-7725;(61) 99292-7725 Conceptcardf@Outlook.com Www.arenaconceptcar.com.br /Arenaconceptcar @Conceptcardf Ver Estoque;https://www.instagram.com/arenaconceptcardf/;;;Aqui não vendemos carros, realizamos sonhos. Acesse o Site. Confira agora as ofertas.;https://www.agenciautodf.com.br/lojas;18/05/2026 13:40;18/05/2026 13:40
Auto Brasília Selection;Auto Brasília Selection;carros;;;/sites/agenciautodf.com.br/img/lojas/auto-brasilia-selection.png;;(61) 99942-7228;;(61) 3686-7139 Autobrasilia@Outlook.com.br Www.autobrasilia.com @Autobrasilia Ver Estoque;;;;;https://www.agenciautodf.com.br/lojas;18/05/2026 13:40;18/05/2026 13:40
Auto Fácil Veículos;Auto Fácil Veículos;carros;;;/sites/agenciautodf.com.br/img/lojas/auto-facil-veiculos.png;https://autofacilveiculosdf.com.br;(61) 3363-8288;(61) 98105-6866;(61) 98105-6866 Autofacilveiculos.afv@Hotmail.com Www.autofacilveiculosdf.com.br /Autofacilveiculos.afv @Autofacilveiculosdf Ver Estoque;https://www.instagram.com/autofacilveiculosdf;;;Acesse o site e confira as ofertas.;https://www.agenciautodf.com.br/lojas;18/05/2026 13:40;18/05/2026 13:40
Auto Fort Veículos;Auto Fort Veículos;carros;;;/sites/agenciautodf.com.br/img/lojas/auto-fort-veiculos.png;https://autofortdf.com.br/multipla;(61) 3346-6666;(61) 98493-5555;(61) 98493-5555 Vendasautofort@Gmail.com Www.autofortdf.com.br /Autofortveiculosdf @Autofortdf Ver Estoque;https://www.instagram.com/autofortdf/;;;Acesse o site e confira as ofertas.;https://www.agenciautodf.com.br/lojas;18/05/2026 13:40;18/05/2026 13:40
Auto Via Veículos;Auto Via Veículos;carros;;;/sites/agenciautodf.com.br/img/lojas/auto-via.png;https://autoviadf.com.br;(61) 3346-2022;;3B331A69A348@Mail.revendamais.com.br Www.autoviadf.com.br /Autoviadf @Autoviadf Ver Estoque;https://www.instagram.com/autoviadf/;;;Acesse o site e confira as ofertas.;https://www.agenciautodf.com.br/lojas;18/05/2026 13:40;18/05/2026 13:40
B3 Automarket;B3 Automarket;carros;;;/sites/agenciautodf.com.br/img/lojas/b3-automarket.png;;(61) 3011-2426;;B3Automarket@Gmail.com @B3Automarket Ver Estoque;;;;;https://www.agenciautodf.com.br/lojas;18/05/2026 13:40;18/05/2026 13:40
Bali Automóveis - Matriz;Bali Automóveis - Matriz;carros;;;/sites/agenciautodf.com.br/img/lojas/bali.png;https://bali.com.br;(61) 3362-6200;(61) 99978-3132;(61) 99978-3132 Lindomar@Bali.com.br Www.bali.com.br /Balifiat @Baliautomoveis Ver Estoque;https://www.instagram.com/baliautomoveis/;;;;https://www.agenciautodf.com.br/lojas;18/05/2026 13:40;18/05/2026 13:40
Bali Automóveis - SCIA;Bali Automóveis - Scia;carros;;;/sites/agenciautodf.com.br/img/lojas/bali.png;https://bali.com.br;(61) 3363-9099;(61) 99978-3132;(61) 99978-3132 Lindomar@Bali.com.br Www.bali.com.br /Balifiat @Baliautomoveis Ver Estoque;https://www.instagram.com/baliautomoveis/;;;;https://www.agenciautodf.com.br/lojas;18/05/2026 13:40;18/05/2026 13:40
Bali Automóveis - SAAN;Bali Automóveis - Saan;carros;;;/sites/agenciautodf.com.br/img/lojas/bali.png;https://bali.com.br;(61) 3213-7800;(61) 99978-3132;(61) 99978-3132 Lindomar@Bali.com.br Www.bali.com.br /Balifiat @Baliautomoveis Ver Estoque;https://www.instagram.com/baliautomoveis/;;;;https://www.agenciautodf.com.br/lojas;18/05/2026 13:41;18/05/2026 13:41
Batcar Veículos;Batcar Veículos;carros;;;/sites/agenciautodf.com.br/img/lojas/batcar.png;;(61) 4042-8000;;Atendimento@Batcar.com Www.batcar.com /Batcar @Batcar Ver Estoque;;;;;https://www.agenciautodf.com.br/lojas;18/05/2026 13:41;18/05/2026 13:41
BM Multimarcas;Bm Multimarcas;carros;;;/sites/agenciautodf.com.br/img/lojas/bm-multimarcas.png;https://bmmulltimarcasdf.com.br/busca;(61) 98422-6421;;Bmmultimarcasadmeireli@Hotmail.com Www.bmmultimarcasdf.com.br /Bm-Multimarcas-320551918736203 @Bmmulltimarcas Ver Estoque;;;;Acesse o site e confira as ofertas.;https://www.agenciautodf.com.br/lojas;18/05/2026 13:41;18/05/2026 13:41
BM Veículos;Bm Veículos;carros;;;/sites/agenciautodf.com.br/img/lojas/bm-veiculos.png;https://bmveiculosdf.com.br;(61) 4101-1176;;Bmveiculos02@Gmail.com Www.bmveiculosdf.com.br /Bm-Veículos @Bmveiculosdf Ver Estoque;https://www.instagram.com/bmveiculosdf/;;;Acesse o site e confira as ofertas;https://www.agenciautodf.com.br/lojas;18/05/2026 13:41;18/05/2026 13:41
Bola Veículos;Bola Veículos;carros;;;/sites/agenciautodf.com.br/img/lojas/bola-veiculos.png;https://bolaveiculos.com.br;(61) 3548-2371;(61) 99518-4848;(61) 99518-4848 Bolaveiculosdf@Gmail.com Www.bolaveiculos.com.br /Bolaveiculos @Bolaveiculos Ver Estoque;https://www.instagram.com/p/CoM4s0GLNHj/?utm_source=ig_embed&utm_campaign=loading;;;Acesse o site e confira as ofertas.;https://www.agenciautodf.com.br/lojas;18/05/2026 13:41;18/05/2026 13:41
Brasília Automóveis;Brasília Automóveis;carros;;;/sites/agenciautodf.com.br/img/lojas/brasilia-automoveis.png;https://brasiliaautomoveis.com.br;(61) 99884-1211;;Brasiliaautomoveis1@Gmail.com Www.brasiliaautomoveis.com.br / @Brasiliaautomoveis Ver Estoque;https://instagram.com/brasiliaautomoveis?utm_medium=copy_link;;;Acesse o site e confira as ofertas.;https://www.agenciautodf.com.br/lojas;18/05/2026 13:41;18/05/2026 13:41
Brazilian Car;Brazilian Car;carros;;;/sites/agenciautodf.com.br/img/lojas/brazilian-car.png;https://braziliancar.com.br;(61) 3363-8485;;Marketing@Braziliancar.com.br Www.braziliancar.com.br /Braziliancarveiculos @Braziliancar Ver Estoque;https://www.instagram.com/braziliancar_;;;Brazilian Car I revenda de carros seminovos e usados em Brasília e região. Compramos seu carro, traga para uma avaliação.;https://www.agenciautodf.com.br/lojas;18/05/2026 13:41;18/05/2026 13:41
Cak Veículos;Cak Veículos;carros;;;/sites/agenciautodf.com.br/img/lojas/cak-veiculos.png;https://cakveiculos.com.br;(61) 3487-1008;(61) 99135-7947;(61) 99135-7947 Cakveiculos@Gmail.com Www.cakveiculos.com.br /Cak.veiculos.7 @Cakveiculos Ver Estoque;https://www.instagram.com/cakveiculos;;;Descrição para o Google;https://www.agenciautodf.com.br/lojas;18/05/2026 13:41;18/05/2026 13:41
Capital Motors;Capital Motors;carros;;;/sites/agenciautodf.com.br/img/lojas/capital-motors.png;;(61) 3346-8678;;Vendas@Capitalautomoveis.com.br /Capitalmotors @Capitalautomoveis Ver Estoque;;;;;https://www.agenciautodf.com.br/lojas;18/05/2026 13:41;18/05/2026 13:41
Car Boss;Car Boss;carros;;;/sites/agenciautodf.com.br/img/lojas/car-boss.png;https://carbossmultimarcas.com.br;(61) 3702-6565;(61) 99805-2378;(61) 99805-2378 Carbossmultimarcas@Gmail.com Www.carbossmultimarcas.com.br /Carbossmultimarcas @Carbossmultimarcas Ver Estoque;https://www.instagram.com/carbossmultimarcas/;;;Acesse o site e confira as ofertas.;https://www.agenciautodf.com.br/lojas;18/05/2026 13:41;18/05/2026 13:41
Casa do Automóvel;Casa Do Automóvel;carros;;;/sites/agenciautodf.com.br/img/lojas/casa-automovel.png;https://www.casadoautomovel.com.br/;(61) 4141-2841;(61) 98139-1492;(61) 98139-1492 Uesleiweb@Casadoautomovel.com.br Www.casadoautomovel.com.br /Casaautomovel @Casa_Do_Automovel Ver Estoque;https://www.instagram.com/casa_do_automovel/;;;;https://www.agenciautodf.com.br/lojas;18/05/2026 13:41;18/05/2026 13:41
Condor Veículos;Condor Veículos;carros;;;/sites/agenciautodf.com.br/img/lojas/condor-veiculos.png;https://condorveiculos.com.br;(61) 3363-8360;;(61) 4042-1676 Contato@Condorveiculos.com.br Www.condorveiculos.com.br /Condorveiculos1986 @Condorveiculos Ver Estoque;https://www.instagram.com/condorveiculos/;;;Acesse o site e confira as ofertas!;https://www.agenciautodf.com.br/lojas;18/05/2026 13:41;18/05/2026 13:41
D2 Multimarcas;D2 Multimarcas;carros;;;/sites/agenciautodf.com.br/img/lojas/d2-multimarcas.png;;(61) 99855-8857;(61) 98348-4043;(61) 98348-4043 D2.Multimarcas@Hotmail.com Www.d2Multimarcasdf /D2-Multimarcas-100069340481663 @D2Multimarcasss Ver Estoque;;;;;https://www.agenciautodf.com.br/lojas;18/05/2026 13:41;18/05/2026 13:41
Das Auto Multimarcas;Das Auto Multimarcas;carros;;;/sites/agenciautodf.com.br/img/lojas/das-auto.png;https://dasautodf.com.br;(61) 3297-3367;(61) 98473-6014;(61) 98473-6014 Dasautodf@Gmail.com Www.dasautodf.com.br /Dasautomultimarcas @Dasautobsb Ver Estoque;https://www.instagram.com/dasautobsb/;;;Acesse o site e confira as ofertas.;https://www.agenciautodf.com.br/lojas;18/05/2026 13:41;18/05/2026 13:41
Dedicar Veículos;Dedicar Veículos;carros;;;/sites/agenciautodf.com.br/img/lojas/dedicar-veiculos.png;https://dedicarveiculosdf.com.br;(61) 2411-3980;;(61) 9129-5405 Admdedicarveiculos@Gmail.com Www.dedicarveiculosdf.com.br /Dedicar-Ve%C3%Adculos-100093304382709 @Dedicarveiculosdf Ver Estoque;https://www.instagram.com/dedicarveiculosdf?igshid=YmM0MjE2YWMzOA%3D%3D;https://api.whatsapp.com/send?phone=5561992034542&text=;5,56199E+12;Compre seu veículo novo de forma rápida e segura, com garantia de qualidade e atendimento especializado na Dedicar Veiculos;https://www.agenciautodf.com.br/lojas;18/05/2026 13:41;18/05/2026 13:41
DF Multimarcas;Df Multimarcas;carros;;;/sites/agenciautodf.com.br/img/lojas/df-multimarcas.png;https://dfmultimarcas.com.br;(61) 3575-3333;(61) 99337-7961;(61) 99337-7961 Dfmultimarcasbsb@Gmail.com Www.dfmultimarcas.com.br /Dfmultimarcasbsb1 @Dfmultimarcasbsb Ver Estoque;https://www.instagram.com/dfmultimarcasbsb/;;;Acesse o site e confira as ofertas.;https://www.agenciautodf.com.br/lojas;18/05/2026 13:41;18/05/2026 13:41
Enzo Motors;Enzo Motors;carros;;;/sites/agenciautodf.com.br/img/lojas/enzo-motors.png;https://enzomotors.com.br;(61) 3363-8902;;(61) 998148902 Adm@Enzomotors.com.br Www.enzomotors.com.br /Enzomotorsdf @Enzomotors Ver Estoque;https://www.instagram.com/enzomotors__/;;;Acesse o site e confira as ofertas.;https://www.agenciautodf.com.br/lojas;18/05/2026 13:41;18/05/2026 13:41
Eurocar Veículos;Eurocar Veículos;carros;;;/sites/agenciautodf.com.br/img/lojas/eurocar-veiculos.png;https://eurocarveiculosbsb.com.br/;(61) 3976-2030;(61) 99869-3326;(61) 99869-3326 Eurocarbsb@Gmail.com Www.eurocarveiculosbsb.com.br /Eurocar-Veiculos @Eurocarveiculosbsb Ver Estoque;https://www.instagram.com/eurocarveiculosbsb?igsh=MXA1OG1mMW8ybDJybg==;;;Acesse o site e confira as ofertas.;https://www.agenciautodf.com.br/lojas;18/05/2026 13:41;18/05/2026 13:41
F-Auto Veículos - Matriz;F-Auto Veículos - Matriz;carros;;;/sites/agenciautodf.com.br/img/lojas/f-autoveiculos.png;https://f1veiculosx.com.br/;(61) 99587-4747;;F1Veiculos2022@Gmail.com Www.f1Veiculosx.com.br /F1 Veiculos @F1Veiculosluziania2 Ver Estoque;;;;;https://www.agenciautodf.com.br/lojas;18/05/2026 13:41;18/05/2026 13:41
F-Auto Veículos;F-Auto Veículos;carros;;;/sites/agenciautodf.com.br/img/lojas/f-autoveiculos.png;https://f1veiculosx.com.br/;(61) 99587-4747;;F1Veiculos2022@Gmail.com Www.f1Veiculosx.com.br /F1 Veiculos @F1Veiculosluziania2 Ver Estoque;;;;;https://www.agenciautodf.com.br/lojas;18/05/2026 13:41;18/05/2026 13:41
Falcon Veículos;Falcon Veículos;carros;;;/sites/agenciautodf.com.br/img/lojas/falcon-multimarcas.png;http://www.falconveiculosdf.com.br/;(61) 3972-4999;;D3Cf1349D295@Mail.revendamais.com.br Www.falconveiculosdf.com.br /Falconveiculosdf @Falconveiculosdf Ver Estoque;https://www.instagram.com/falconveiculosdf/?igsh=aHlvdnZtM3h4NWln#;;;Acesse o site e confira as ofertas.;https://www.agenciautodf.com.br/lojas;18/05/2026 13:41;18/05/2026 13:41
Federal Car;Federal Car;carros;;;/sites/agenciautodf.com.br/img/lojas/federal-car.png;https://federalcar.com.br/;(61) 3363-9000;;Vendas@Federalcar.com.br Www.federalcar.com.br /Federalcarveiculos @Federalcardf Ver Estoque;;;;Acesse o site e confira as ofertas.;https://www.agenciautodf.com.br/lojas;18/05/2026 13:41;18/05/2026 13:41
Ferreira Veículos;Ferreira Veículos;carros;;;/sites/agenciautodf.com.br/img/lojas/ferreira-veiculos.png;https://www.ferreiraveiculosdf.com.br;(61) 3363-8300;(61) 99173-8619;(61) 99173-8619 Eduardohenrique.vendas@Gmail.com Www.ferreiraveiculosdf.com.br /Ferreira.veiculos.988 @Ferreiraveiculosdf Ver Estoque;https://www.instagram.com/ferreiraveiculosdf;;;Acesse o site e confira nossas ofertas!;https://www.agenciautodf.com.br/lojas;18/05/2026 13:41;18/05/2026 13:41
Fogaça Veículos;Fogaça Veículos;carros;;;/sites/agenciautodf.com.br/img/lojas/fogaca-veiculos.png;https://fogacaveiculosdf.com.br/;(61) 4101-6365;(61) 99163-3510;(61) 99163-3510 Gilbertovendas20@Gmail.com Www.fogacaveiculosdf.com.br /Foga%C3%A7A-Veiculos/61561209393483/ @Fogacaveiculosdf Ver Estoque;https://www.instagram.com/fogacaveiculosdf/?igsh=MWFqNXIzbzFpeTcycA%3D%3D#;;;Acesse o site e confira as ofertas.;https://www.agenciautodf.com.br/lojas;18/05/2026 13:41;18/05/2026 13:41
FVG Multimarcas;Fvg Multimarcas;carros;;;/sites/agenciautodf.com.br/img/lojas/fvg-multimarcas.png;https://www.fvgmultimarcas.com.br;(61) 98604-7086;(61) 98160-7100;(61) 98160-7100 Fvgempreendimentos@Gmail.com Www.fvgmultimarcas.com.br @Fvgmultimarcas Ver Estoque;https://www.instagram.com/fvgmultimarcas?igsh=dmlpMjFkc2drdG9w;;;Acesse o site e confira as ofertas.;https://www.agenciautodf.com.br/lojas;18/05/2026 13:41;18/05/2026 13:41
G3 Premium;G3 Premium;carros;;;/sites/agenciautodf.com.br/img/lojas/g3-premium.png;;(61) 3408-1033;;(61) 9897-0006 Vendas.g3Premium@Gmail.com @G3Premiumdf Ver Estoque;;;;;https://www.agenciautodf.com.br/lojas;18/05/2026 13:41;18/05/2026 13:41
Globo Multimarcas;Globo Multimarcas;carros;;;/sites/agenciautodf.com.br/img/lojas/globo-multimarcas.png;https://globomultimarcas.com.br;(61) 3363-9242;(61) 99605-4535;(61) 99605-4535 Vendas@Globomultimarcas.com.br Www.globomultimarcas.com.br @Globomultimarcas Ver Estoque;https://www.instagram.com/globomultimarcas;;;Acesse o site e confira as ofertas.;https://www.agenciautodf.com.br/lojas;18/05/2026 13:41;18/05/2026 13:41
GT Multimarcas;Gt Multimarcas;carros;;;/sites/agenciautodf.com.br/img/lojas/gt-multimarcas.png;https://gtmultimarcasdf.com.br;(61) 3042-0521;(61) 98255-1159;(61) 98255-1159 Gtveiculos2020@Gmail.com Www.gtmultimarcasdf.com.br /Gtmultimarcasss @Gtmul_Timarcas Ver Estoque;https://www.instagram.com/gtmul_timarcas/?igsh=cDVqaGs3dzNmZDV1&utm_source=qr;;;Acesse o site e confira as ofertas.;https://www.agenciautodf.com.br/lojas;18/05/2026 13:41;18/05/2026 13:41
Hot Car Multimarcas;Hot Car Multimarcas;carros;;;/sites/agenciautodf.com.br/img/lojas/hot-car.png;https://hotcardf.com.br;(61) 3375-5568;(61) 98652-0053;(61) 98652-0053 Wesley.toneline@Gmail.com Www.hotcardf.com.br /Pontocomdf @Hotcarv Ver Estoque;https://www.instagram.com/hotcarv/?igshid=YTQwZjQ0NmI0OA%3D%3D&utm_source=qr;;;Acesse o site e confira as ofertas da zero1 de Brasilia;https://www.agenciautodf.com.br/lojas;18/05/2026 13:41;18/05/2026 13:41
HR Multimarcas;Hr Multimarcas;carros;;;/sites/agenciautodf.com.br/img/lojas/hr-multimarcas.png;https://hrmultimarcasdf.com.br;(61) 3532-3597;(61) 99542-0550;(61) 99542-0550 Hrmultimarcasdf@Gmail.com Www.hrmultimarcasdf.com.br /Hr-Multimarcas @Hrmultimarcas61 Ver Estoque;https://instagram.com/hrmultimarcas61?igshid=MzRlODBiNWFlZA==;;;Acesse o site e confira as ofertas, procure o VENDEDOR CARLOS EDUARDO pelo numero 61 9 9542-0550;https://www.agenciautodf.com.br/lojas;18/05/2026 13:41;18/05/2026 13:41
Inova Veículos;Inova Veículos;carros;;;/sites/agenciautodf.com.br/img/lojas/inova-veiculos.png;https://inovaveiculosdf.com.br/;(61) 3363-2605;(61) 99654-0544;(61) 99654-0544 Inovaveiculosdf@Gmail.com Www.inovaveiculosdf.com.br /Inovaveiculosdf @Inovaveiculosdf Ver Estoque;https://www.instagram.com/inovaveiculosdf/;;;Acesse o site e confira as ofertas.;https://www.agenciautodf.com.br/lojas;18/05/2026 13:41;18/05/2026 13:41
Jales Motors;Jales Motors;carros;;;/sites/agenciautodf.com.br/img/lojas/jales-motors.png;;(61) 98286-5786;(61) 98118-1714;(61) 98118-1714 Jalesmotors@Gmail.com // @Jalesmotors Ver Estoque;;;;;https://www.agenciautodf.com.br/lojas;18/05/2026 13:41;18/05/2026 13:41
Jesicar Autos;Jesicar Autos;carros;;;/sites/agenciautodf.com.br/img/lojas/jesicar.png;https://www.jesicar.com.br/home;(61) 3363-8459;(61) 98254-4540;(61) 98254-4540 Jsaranha@Hotmail.com Www.jesicar.com.br @Jesicar.autos Ver Estoque;https://www.instagram.com/jesicar.autos/;https://api.whatsapp.com/send?phone=5561985951007;5,56199E+12;JESICAR Autos: O veiculo que você procura esta aqui!;https://www.agenciautodf.com.br/lojas;18/05/2026 13:41;18/05/2026 13:41
JR Multimarcas;Jr Multimarcas;carros;;;/sites/agenciautodf.com.br/img/lojas/jr-multimarcas.png;http://jrmultimarcasdf.com.br/;(61) 3346-4151;(61) 99159-9268;(61) 99159-9268 859F15B1861D@Mail.revendamais.com.br Www.jrmultimarcasdf.com.br /Jr-Veiculos-Multimarcas @Jrmultimarcasdf Ver Estoque;https://www.instagram.com/jrmultimarcasdf/;https://api.whatsapp.com/send?phone=5561991599268&text=OlÃ¡ vi o anÃºncio no site e gostaria de saber mais;5,56199E+12;Acesse o site e confira as ofertas.;https://www.agenciautodf.com.br/lojas;18/05/2026 13:41;18/05/2026 13:41
JL Veículos;Jl Veículos;carros;;;/sites/agenciautodf.com.br/img/lojas/jl-veiculos.png;;(61) 98110-0196;;Jlveiculosbsb@Gmail.com /Jl-Veículos @Jl_Veiculosbsb Ver Estoque;;;;;https://www.agenciautodf.com.br/lojas;18/05/2026 13:42;18/05/2026 13:42
KC Veículos;Kc Veículos;carros;;;/sites/agenciautodf.com.br/img/lojas/kc-veiculos.png;https://kcveiculos.com.br/;(61) 99864-3223;;Tfc.veiculos@Outlook.com Www.kcveiculos.com.br /Kc-Veiculos @Kcveiculosbrasilia Ver Estoque;https://www.instagram.com/kcveiculosbrasilia/;https://api.whatsapp.com/send?text=Confira a oferta para https://kcveiculos.com.br/carros/Volkswagen/T-Cross/Cl-Tsi/Volkswagen-T-Cross-Cl-Tsi-2023-BrasÃ­lia-Distrito-Federal-7349193.html;;Acesse o site e confira as ofertas.;https://www.agenciautodf.com.br/lojas;18/05/2026 13:42;18/05/2026 13:42
KR Multimarcas;Kr Multimarcas;carros;;;/sites/agenciautodf.com.br/img/lojas/kr-multimarcas.png;https://krmultimarcas.com.br;(61) 3297-7797;;Kr.multimarcas@Yahoo.com Www.krmultimarcas.com.br /Krmultimarcas @Kr.multimarca Ver Estoque;https://www.instagram.com/kr.multimarca/;;;KR Multimarcas a melhor garagem e loja de carros novos e usados Brasília.;https://www.agenciautodf.com.br/lojas;18/05/2026 13:42;18/05/2026 13:42
Link Car;Link Car;carros;;;/sites/agenciautodf.com.br/img/lojas/link-car.png;https://linkcarautomoveis.com.br;(61) 3041-5818;(61) 98349-6918;(61) 98349-6918 Contato@Linkcarautomoveis.com.br Www.linkcarautomoveis.com.br /Linkcarautomoveisdf @Linkcarautomoveis Ver Estoque;https://www.instagram.com/linkcarautomoveis;;;Acesse o site e confira as ofertas.;https://www.agenciautodf.com.br/lojas;18/05/2026 13:42;18/05/2026 13:42
Lobão Motors;Lobão Motors;carros;;;/sites/agenciautodf.com.br/img/lojas/lobao-motors.png;https://lobaomotorsdf.com.br/;(61) 3399-4838;(61) 99958-4721;(61) 99958-4721 Lobaomotors.servico@Gmail.com Www.lobaomotorsdf.com.br /Lobaomotors1 @Lobaomotors Ver Estoque;https://www.instagram.com/lobaomotors/?igshid=YmMyMTA2M2Y%3D;;;Acesse o site e confira as ofertas.;https://www.agenciautodf.com.br/lojas;18/05/2026 13:42;18/05/2026 13:42
Lotus Multimarcas;Lotus Multimarcas;carros;;;/sites/agenciautodf.com.br/img/lojas/lotus-multimarcas.png;https://lotusmultimarcasbsb.com.br/;(61) 3624-2424;(61) 99990-2016;(61) 99990-2016 Lotusmultimarcasbsb@Gmail.com Www.lotusmultimarcasbsb.com.br /Lotusmultimarcasbsb @Lotusmultimarcas Ver Estoque;https://www.instagram.com/lotusmultimarcas/;;;Acesse o site e confira as ofertas.;https://www.agenciautodf.com.br/lojas;18/05/2026 13:42;18/05/2026 13:42
Maitê Veículos;Maitê Veículos;carros;;;/sites/agenciautodf.com.br/img/lojas/maite-veiculos.png;https://maiteveiculos.com.br/;998652-2436;;(61) (61) 99338-6318 Fabyo2610@Hotmail.com Www.maiteveiculos.com.br /Maiteveiculos @Maiteveiculos Ver Estoque;https://www.instagram.com/maiteveiculos/?igsh=Nng2dGQ3NjZndWVw;https://api.whatsapp.com/send?text=Confira a oferta para CHEVROLET CLASSIC LIFE 2007 - http://maiteveiculos.com.br/carros/Chevrolet/Classic/Life/Chevrolet-Classic-Life-2007-BrasÃ­lia-Distrito-Federal-7766734.html;;Acesse o site e confira as ofertas.;https://www.agenciautodf.com.br/lojas;18/05/2026 13:42;18/05/2026 13:42
MR Automóveis;Mr Automóveis;carros;;;/sites/agenciautodf.com.br/img/lojas/mr-automoveis.png;https://mrautomoveisbsb.com.br/;(61) 4101-5060;;Mrautomoveis4@Gmail.com Www.mrautomoveisbsb.com.br /Mrautomoveisbsb @Mrautomoveis_ Ver Estoque;https://www.instagram.com/mrautomoveis_/?locale=es_US&hl=en;;;Acesse o site e confira as ofertas.;https://www.agenciautodf.com.br/lojas;18/05/2026 13:42;18/05/2026 13:42
Nacional Veículos;Nacional Veículos;carros;;;/sites/agenciautodf.com.br/img/lojas/nacional-veiculos.png;https://www.nacionalveiculosdf.com.br/;(61) 3046-7070;;Nacionalveiculosdf@Gmail.com Www.nacionalveiculosdf.com.br /Nacionalveiculosdf @Nacionalveiculosdf Ver Estoque;;;;;https://www.agenciautodf.com.br/lojas;18/05/2026 13:42;18/05/2026 13:42
New Car;New Car;carros;;;/sites/agenciautodf.com.br/img/lojas/new-car.png;https://newcardf.com.br/;(61) 99103-7558;;Newcardf2023@Gmail.com Www.newcardf.com.br @Newcar_Df Ver Estoque;https://www.instagram.com/newcar_df;;;NEW CAR revenda de carros seminovos e usados em Brasília e região. Compramos seu carro, traga para uma avaliação.;https://www.agenciautodf.com.br/lojas;18/05/2026 13:42;18/05/2026 13:42
Nossa Multimarcas;Nossa Multimarcas;carros;;;/sites/agenciautodf.com.br/img/lojas/nossa-multimarcas.png;https://www.nossamultimarcas.com.br;(61) 3222-6600;(61) 99911-6600;(61) 99911-6600 Financeironossamultimarcas@Gmail.com Www.nossamultimarcas.com.br /Nossamultimarcas @Nossamultimarcas Ver Estoque;https://www.instagram.com/nossamultimarcas/;;;Acesse o site e confira as ofertas.;https://www.agenciautodf.com.br/lojas;18/05/2026 13:42;18/05/2026 13:42
NMB Automóveis;Nmb Automóveis;carros;;;/sites/agenciautodf.com.br/img/lojas/nmb-automoveis.png;https://www.nmbautomoveis.com.br;(61) 3392-1120;;Nmbautomoveisadm@Gmail.com Www.nmbautomoveis.com.br /Nmbautomoveis @Nmb_Automoveis Ver Estoque;;https://api.whatsapp.com/send/?phone=556133921120&text=Gostaria%20de%20mais%20informa%C3%A7%C3%B5es%20sobre%20os%20pneus;5,56134E+11;;https://www.agenciautodf.com.br/lojas;18/05/2026 13:42;18/05/2026 13:42
Ocidental Veículos;Ocidental Veículos;carros;;;/sites/agenciautodf.com.br/img/lojas/ocidental-veiculos2.png;https://ocidentalveiculos.com.br/;(61) 3974-6446;(61) 99624-3203;(61) 99624-3203 Ocidentalveiculos@Hotmail.com Www.ocidentalveiculos.com.br /Ocidentalveiculos @Ocidentalveiculos Ver Estoque;https://www.instagram.com/ocidentalveiculos;;;Ocidental Veículos Serviços revenda de carros seminovos e usados em Brasília e região. Compramos seu carro, traga para uma avaliação.;https://www.agenciautodf.com.br/lojas;18/05/2026 13:42;18/05/2026 13:42
Orest´s Veículos;Orest´s Veículos;carros;;;/sites/agenciautodf.com.br/img/lojas/orests-veiculos.png;https://orestsveiculos.com.br/;(61) 3487-2001;(61) 98444-4527;(61) 98444-4527 Matheus_Marcos@Hotmail.com Www.orestsveiculos.com.br /Orestsveiculosdf @Orestsveiculos Ver Estoque;https://www.instagram.com/orestsveiculos/;;;Acesse o site e confira as ofertas.;https://www.agenciautodf.com.br/lojas;18/05/2026 13:42;18/05/2026 13:42
Pátria Veículos;Pátria Veículos;carros;;;/sites/agenciautodf.com.br/img/lojas/patria-veiculos.png;https://www.patriaveiculos.com.br/;(61) 3335-6320;(61) 99987-8900;(61) 99987-8900 Patriaveiculos@Outlook.com Patriaveiculos.com.br @Patriaveiculosdf Ver Estoque;;;;;https://www.agenciautodf.com.br/lojas;18/05/2026 13:42;18/05/2026 13:42
Piloto Automóveis;Piloto Automóveis;carros;;;/sites/agenciautodf.com.br/img/lojas/piloto-automoveis.png;https://www.pilotomultimarcas.com.br/estoque;(61) 3363-9090;(61) 99164-5348;(61) 99164-5348 (61) 99982-1036 Pilotoautomoveis@Hotmail.com Pilotomultimarcas.com.br /Pilotoautomoveis @Pilotoautomoveis4 Ver Estoque;https://www.instagram.com/pilotomultimarcasdf?igsh=MXBvZzd3MWk0a2cxcA%3D%3D&utm_source=qr;;;Acesse o site e confira as ofertas.;https://www.agenciautodf.com.br/lojas;18/05/2026 13:42;18/05/2026 13:42
Placar Multimarcas;Placar Multimarcas;carros;;;/sites/agenciautodf.com.br/img/lojas/placar-multimarcas.png;https://placarmultimarcas.com.br/;(61) 3363-2606;(61) 99869-9488;(61) 99869-9488 Placarvendas@Gmail.com Placarmultimarcas.com.br /Placarmultimarcas @Placar_Multimarcas Ver Estoque;https://www.instagram.com/placar_multimarcas/;;;;https://www.agenciautodf.com.br/lojas;18/05/2026 13:42;18/05/2026 13:42
Planauto Seminovos;Planauto Seminovos;carros;;;/sites/agenciautodf.com.br/img/lojas/planauto-seminovos2.png;https://planautoseminovos.com.br/;(61) 3045-7070;(61) 99917-4755;(61) 99917-4755 Planautoseminovos.internet@Gmail.com Www.planautoseminovos.com.br /Planautoseminovos @Planautoseminovos_Df Ver Estoque;https://www.instagram.com/planautoseminovos_df;;;Planauto Seminovos revenda de carros seminovos e usados em Brasília e região. Compramos seu carro, traga para uma avaliação.;https://www.agenciautodf.com.br/lojas;18/05/2026 13:42;18/05/2026 13:42
Power Full Veículos;Power Full Veículos;carros;;;/sites/agenciautodf.com.br/img/lojas/power-full-veiculos.png;https://powerfullveiculos.com.br/;(61) 3573-0087;;Powerfulveiculosdf@Gmail.com Www.powerfullveiculos.com.br /Powerfullveiculos @Powerfull_Veiculos Ver Estoque;https://www.instagram.com/powerfull_veiculos;;;Acesse o site e confira as ofertas.;https://www.agenciautodf.com.br/lojas;18/05/2026 13:42;18/05/2026 13:42
Prime Veículos;Prime Veículos;carros;;;/sites/agenciautodf.com.br/img/lojas/prime-veiculos.png;https://primeveiculosdf.com.br/;(61) 3573-0097;(61) 99956-8616;(61) 99956-8616 Primeveiculos.df@Hotmail.com Www.primeveiculosdf.com.br /Primeveiculosdf @Primeveiculodf Ver Estoque;https://www.instagram.com/primeveiculos.df;https://api.whatsapp.com/send?text=Confira a oferta para CHEVROLET CHEV CRUZE LT HB AT 2020 - http://primeveiculosdf.com.br/carros/Chevrolet/Chev/Cruze-Lt-Hb-At/Chevrolet-Chev-Cruze-Lt-Hb-At-2020-BrasÃ­lia-Distrito-Federal-6628007.html;;Acesse o site e confira as ofertas.;https://www.agenciautodf.com.br/lojas;18/05/2026 13:42;18/05/2026 13:42
Primeira Mão;Primeira Mão;carros;;;/sites/agenciautodf.com.br/img/lojas/saga-seminovos.png;https://www.primeiramaosaga.com.br/;(61) 3020-0637;(61) 99408-4217;(61) 99408-4217 Primeiramaoscia@Outlook.com Www.primeiramaosaga.com.br /Sagaseminovosbrasilia @Primeiramao.bsb Ver Estoque;https://www.instagram.com/primeiramaobysaga;;;Encontre o carro seminovo dos seus sonhos na Primeira Mão, com o maior estoque, melhores condições de pagamento e garantia de qualidade. Confira agora!;https://www.agenciautodf.com.br/lojas;18/05/2026 13:42;18/05/2026 13:42
QualiCarro.com;Qualicarro.com;carros;;;/sites/agenciautodf.com.br/img/lojas/quali-carro.png;;(61) 99937-1020;;Qualicarrodf@Gmail.com Www.qualicarro.com /Qualicarro.com @Qualicarrodf Ver Estoque;;;;;https://www.agenciautodf.com.br/lojas;18/05/2026 13:42;18/05/2026 13:42
Quality Seminovos;Quality Seminovos;carros;;;/sites/agenciautodf.com.br/img/lojas/quality-seminovos.png;https://qualityseminovos.com.br/seminovos;(61) 99329-9827;;Ana.oliveira@Qualityseminovos.com.br Www.qualityseminovos.com.br /Qualityseminovos.loja @Qualityseminovos.loja Ver Estoque;;https://api.whatsapp.com/send?phone=556193299827&text=Ol%C3%A1%21+Gostaria+de+saber+mais+informa%C3%A7%C3%B5es+sobre+os+ve%C3%ADculos+dispon%C3%ADveis.+Poderia+me+ajudar%3F;5,56193E+11;Veículos seminovos e usados, estoque completo e condições de financiamento, ofertas, para um cliente especial. Saiba Mais!;https://www.agenciautodf.com.br/lojas;18/05/2026 13:42;18/05/2026 13:42
R15 Multimarcas;R15 Multimarcas;carros;;;/sites/agenciautodf.com.br/img/lojas/r15-multimarcas.png;https://r15multimarcas.com.br/;(61) 3346-0379;;(61) 9859-50310 R15Multimarcas@Gmail.com Www.r15Multimarcas.com.br /R15Multimarcas @R15Multimarcas Ver Estoque;https://www.instagram.com/r15multimarcas;;;R15 Multimarcas revenda de carros seminovos e usados em Brasília e região. Compramos seu carro, traga para uma avaliação.;https://www.agenciautodf.com.br/lojas;18/05/2026 13:42;18/05/2026 13:42
Radah Veículos;Radah Veículos;carros;;;/sites/agenciautodf.com.br/img/lojas/radah-veiculos.png;https://radahveiculos.com.br;(61) 3060-1490;(61) 99668-2025;(61) 99668-2025 Radahveiculos@Gmail.com Www.radahveiculos.com.br /Radahveiculos @Radahveiculos Ver Estoque;https://www.instagram.com/radahveiculos;;;Radah Veículos LTDA revenda de carros seminovos e usados em Brasília e região. Compramos seu carro, traga para uma avaliação.;https://www.agenciautodf.com.br/lojas;18/05/2026 13:42;18/05/2026 13:42
RCar Seminovos;Rcar Seminovos;carros;;;/sites/agenciautodf.com.br/img/lojas/rcar-seminovos.png;https://rcarseminovos.com.br;(61) 3484-2014;(61) 99959-9334;(61) 99959-9334 Rcarseminovosgama@Gmail.com Www.rcarseminovos.com.br /Rcar Seminovos @Rcarsnovos Ver Estoque;https://www.instagram.com/lotusgama/?hl=pt-br;https://api.whatsapp.com/send/?phone=5561999599334&text&type=phone_number&app_absent=0;5,562E+12;A revenda de carros referência do gama e região.;https://www.agenciautodf.com.br/lojas;18/05/2026 13:42;18/05/2026 13:42
RDS Multimarcas;Rds Multimarcas;carros;;;/sites/agenciautodf.com.br/img/lojas/rds-multimarcas.png;https://rdsmultimarcas.com.br/;(61) 3974-5451;(61) 99858-2027;(61) 99858-2027 Rdsmultimarcas@Gmail.com Www.rdsmultimarcas.com.br /Rds-Multimarcas @Rds.multimarcas_ Ver Estoque;https://instagram.com/rds.multimarcas_?igshid=YmMyMTA2M2Y=;https://api.whatsapp.com/send?text=Confira a oferta para SUBARU LEGACY SD 4X4 3.0 H-6(AUT.) 4P 2008 - http://rdsmultimarcas.com.br/carros/Subaru/Legacy/Sd-4x4-30-H-6(aut)-4p/Subaru-Legacy-Sd-4x4-30-H-6(aut)-4p-2008-BrasÃ­lia-Distrito-Federal-6043230.html;;Acesse o site e confira as ofertas.;https://www.agenciautodf.com.br/lojas;18/05/2026 13:42;18/05/2026 13:42
Recanto Automóveis;Recanto Automóveis;carros;;;/sites/agenciautodf.com.br/img/lojas/recanto-automoveis.png;https://www.recantoautomoveis.com.br/;(61) 3578-5444;(61) 98138-6275;(61) 98138-6275 Recantoautomoveis@Gmail.com Www.recantoautomoveis.com.br /Recantoautomoveis @Recanto_Automoveis Ver Estoque;https://www.instagram.com/recanto_automoveis?igsh=aGtkMnhnMjlsbzVp;;;Acesse o site e confira as ofertas.;https://www.agenciautodf.com.br/lojas;18/05/2026 13:42;18/05/2026 13:42
Revel Multimarcas;Revel Multimarcas;carros;;;/sites/agenciautodf.com.br/img/lojas/revel-multimarcas.png;https://revelmultimarcasdf.com.br/;(61) 3346-5545;(61) 99825-6890;(61) 99825-6890 Zeroautoveiculos@Gmail.com Www.revelmultimarcasdf.com.br /Revel Multimarcas @Revelmultimarcasdf Ver Estoque;https://www.instagram.com/revel.multimarcasdf/#;;;Acesse o site e confira as ofertas.;https://www.agenciautodf.com.br/lojas;18/05/2026 13:42;18/05/2026 13:42
Ricardo Veículos;Ricardo Veículos;carros;;;/sites/agenciautodf.com.br/img/lojas/ricardo-veiculos.png;https://ricardoveiculosbsb.com.br;(61) 3024-0228;(61) 98232-0028;(61) 98232-0028 Ricardoveiculosbsb17@Gmail.com Www.ricardoveiculosbsb.com.br /Ricardoveiculos17 @Ricardoveiculosbsb Ver Estoque;https://www.instagram.com/ricardoveiculosbsb/;;;Acesse o site e confira as ofertas.;https://www.agenciautodf.com.br/lojas;18/05/2026 13:43;18/05/2026 13:43
Roma Motors;Roma Motors;carros;;;/sites/agenciautodf.com.br/img/lojas/roma-motors.png;https://romamotorsdf.com.br;(61) 3363-8833;(61) 98124-2443;(61) 98124-2443 Romamotorsdf@Gmail.com Www.romamotorsdf.com.br /Romamotorsdf @Romamotorsdf Ver Estoque;https://www.instagram.com/romamotorsdf/;;;;https://www.agenciautodf.com.br/lojas;18/05/2026 13:43;18/05/2026 13:43
RTCar Automóveis;Rtcar Automóveis;carros;;;/sites/agenciautodf.com.br/img/lojas/rt-car2.png;https://www.rtcarautomoveis.com.br/estoque;(61) 3351-7000;(61) 99352-8888;(61) 99352-8888 Rtcar.automoveis@Hotmail.com Www.rtcarautomoveis.com.br /Rtcarautomoveis @Rtcarautomoveis Ver Estoque;;;;;https://www.agenciautodf.com.br/lojas;18/05/2026 13:43;18/05/2026 13:43
IRW Motors;Irw Motors;carros;;;/sites/agenciautodf.com.br/img/lojas/rw-motors.png;https://irwmotors.com.br;(61) 3142-1938;(61) 99205-2120;(61) 99205-2120 Wgwcomerciodeveiculos@Gmail.com Www.irwmotors.com.br /Irwmotors @Irwmotors Ver Estoque;https://www.instagram.com/irwmotors;;;IRW Motors revenda de carros seminovos e usados em Brasília e região. Compramos seu carro, traga para uma avaliação.;https://www.agenciautodf.com.br/lojas;18/05/2026 13:43;18/05/2026 13:43
Salão do Automóvel;Salão Do Automóvel;carros;;;/sites/agenciautodf.com.br/img/lojas/salao-automovel.png;https://salaodoauto.com.br/;(61) 3036-4040;;Cfemveiculosdf@Gmail.com Www.salaodoauto.com.br /Salaodoautomoveldf @Salaodoautomoveldf Ver Estoque;https://www.instagram.com/salaodoautomoveldf/;;;;https://www.agenciautodf.com.br/lojas;18/05/2026 13:43;18/05/2026 13:43
São Mateus Veículos;São Mateus Veículos;carros;;;/sites/agenciautodf.com.br/img/lojas/sao-mateus-veiculos.png;https://saomateusveiculos.com.br;(61) 3363-3318;(61) 99659-1277;(61) 99659-1277 Financeiro@Saomateusveiculos.com.br Www.saomateusveiculos.com.br /Saomateusveiculos @Saomateusveiculos Ver Estoque;;;;;https://www.agenciautodf.com.br/lojas;18/05/2026 13:43;18/05/2026 13:43
Sarvel Veículos;Sarvel Veículos;carros;;;/sites/agenciautodf.com.br/img/lojas/sarvel-veiculos.png;https://sarvelveiculos.com.br;(61) 3042-6090;(61) 98353-8949;(61) 98353-8949 Sarvelvendas@Gmail.com Www.sarvelveiculos.com.br /Sarveldfveiculos @Sarvel.veiculos Ver Estoque;;;;;https://www.agenciautodf.com.br/lojas;18/05/2026 13:43;18/05/2026 13:43
Skina Veículos;Skina Veículos;carros;;;/sites/agenciautodf.com.br/img/lojas/skina-veiculos.png;;(61) 3363-8220;(61) 99994-4273;(61) 99994-4273 Vendas@Skinaveiculos.com Www.skinaveiculos.com /Sknautomoveis @Sknautomoveis Ver Estoque;;;;;https://www.agenciautodf.com.br/lojas;18/05/2026 13:43;18/05/2026 13:43
Sobrauto Automóveis;Sobrauto Automóveis;carros;;;/sites/agenciautodf.com.br/img/lojas/sobrauto-automoveis.png;https://sobrautoautomoveis.com.br;(61) 3591-5008;(61) 99863-5008;(61) 99863-5008 Sobrauto@Hotmail.com Www.sobrautoautomoveis.com.br /Sobrautoautomoveis @Sobrauto Ver Estoque;https://www.instagram.com/sobrauto/;;;Acesse o site e confira as ofertas.;https://www.agenciautodf.com.br/lojas;18/05/2026 13:43;18/05/2026 13:43
Speed Motors;Speed Motors;carros;;;/sites/agenciautodf.com.br/img/lojas/speed-motors.png;https://speedmotorsdf.com.br;(61) 3561-0205;(61) 99808-7882;(61) 99808-7882 Speedmotorsbsb@Gmail.com Www.speedmotorsdf.com.br /Speedmotorsdf @Speedmotorsdf Ver Estoque;;;;Acesse o site e confira as ofertas.;https://www.agenciautodf.com.br/lojas;18/05/2026 13:43;18/05/2026 13:43
Suprema Veículos;Suprema Veículos;carros;;;/sites/agenciautodf.com.br/img/lojas/suprema-veiculos.png;;(61) 3363-8060;(61) 99146-5766;(61) 99146-5766 Televendas@Supremagrupo.com.br Www.supremaveiculos.com /Supremaveiculosdf @Supremaveiculosdf Ver Estoque;;;;;https://www.agenciautodf.com.br/lojas;18/05/2026 13:43;18/05/2026 13:43
T Motors;T Motors;carros;;;/sites/agenciautodf.com.br/img/lojas/t-motors.png;https://tmotorsbr.com.br;(61) 99861-6161;;(61) 3373-5684 Tmotorsbsb@Gmail.com Www.tmotorsbr.com.br /Tmotorsautomoveis @Tmotorsbr Ver Estoque;https://www.instagram.com/tmotorsbr/?igshid=YzVkODRmOTdmMw%3D%3D;;;Encontre o carro dos seus sonhos com os melhores preços do mercado! Não perca tempo, confira agora!;https://www.agenciautodf.com.br/lojas;18/05/2026 13:43;18/05/2026 13:43
Tanaka Veículos;Tanaka Veículos;carros;;;/sites/agenciautodf.com.br/img/lojas/tanaka-veiculos.png;;(61) 3971 9036;(61) 98165-6201;(61) 98165-6201 Veiculostanaka@Gmail.com Www.tanakaveiculos.com /Tanakaveiculos @Tanakaveiculos Ver Estoque;;;;;https://www.agenciautodf.com.br/lojas;18/05/2026 13:43;18/05/2026 13:43
Top+ Veículos;Top+ Veículos;carros;;;/sites/agenciautodf.com.br/img/lojas/top-mais-veiculos.png;https://topmaismultimarcas.com.br;(61) 98236-3519;;Topmaisveiculosmultimarcas@Gmail.com Www.topmaismultimarcas.com.br /Topmaisveiculosoficial @Topmaisveiculosoficial Ver Estoque;;;;Acesse o site e confira as ofertas.;https://www.agenciautodf.com.br/lojas;18/05/2026 13:43;18/05/2026 13:43
Top 10 Automóveis;Top 10 Automóveis;carros;;;/sites/agenciautodf.com.br/img/lojas/top10-automoveis.png;https://top10auto.com.br/;(61) 3345-2151;(61) 99226-8943;(61) 99226-8943 Top10Autodf@Gmail.com Www.top10Auto.com.br /Top10Autobsb @Top10Automoveis Ver Estoque;https://www.instagram.com/top10automoveis;https://api.whatsapp.com/send?text=Confira a oferta para https://top10auto.com.br/carros/Ford/Ecosport/20-Freestyle-16v-Flex-4p-Powershift/Ford-Ecosport-20-Freestyle-16v-Flex-4p-Powershift-2015-BrasÃ­lia-Distrito-Federal-7226630.html;;Acesse o site e confira as ofertas.;https://www.agenciautodf.com.br/lojas;18/05/2026 13:43;18/05/2026 13:43
Unique Motors BSB;Unique Motors Bsb;carros;;;/sites/agenciautodf.com.br/img/lojas/unique-motors.png;https://uniquemotorsbsb.com.br/;(61) 3029-7919;;Uniquemotorsbsb@Gmail.com Www.uniquemotorsbsb.com.br /Uniquemotorsbsb @Uniquemotorsbsb Ver Estoque;https://www.instagram.com/uniquemotorsbsb/;;;Acesse o site e confira as ofertas.Do nacional ao importado, mais de 300 carros disponíveis, taxas exclusivas financiamento. Melhor avaliação do seu usado em Brasília DF;https://www.agenciautodf.com.br/lojas;18/05/2026 13:43;18/05/2026 13:43
V12 Motors Cidade do Automóvel;V12 Motors Cidade Do Automóvel;carros;;;/sites/agenciautodf.com.br/img/lojas/v12-motors.png;https://www.v12seminovos.com.br/;(61) 3363-9999;(61) 99596-4153;(61) 99596-4153 Fred.lustosa@Coelhogordo.com.br Www.v12Seminovos.com.br /V12Seminovos @V12Motorsseminovos Ver Estoque;https://www.instagram.com/v12motors508norte/;https://api.whatsapp.com/send?text=Confira esta oferta que encontrei no site V12 Seminovos: https%3A%2F%2Fwww.v12seminovos.com.br%2Festoque%2Froyal-enfield-interceptor-650-venture-blue-gasolina-manual-2023-2611603;;Na V12 Motors Seminovos, você encontra uma variedade de veículos seminovos de alta qualidade, todos rigorosamente inspecionados. Oferecemos condições especiais de financiamento, transparência na negociação e um atendimento diferenciado.;https://www.agenciautodf.com.br/lojas;18/05/2026 13:43;18/05/2026 13:43
V12 Motors SIA;V12 Motors Sia;carros;;;/sites/agenciautodf.com.br/img/lojas/v12-motors.png;https://www.v12seminovos.com.br/;(61) 2108-0777;(61) 99810-6606;(61) 99810-6606 V12Sia.olx@V12.Com.br Www.v12Seminovos.com.br /V12Seminovos @V12Motorsseminovos Ver Estoque;https://www.instagram.com/v12motors508norte/;https://api.whatsapp.com/send?text=Confira esta oferta que encontrei no site V12 Seminovos: https%3A%2F%2Fwww.v12seminovos.com.br%2Festoque%2Froyal-enfield-interceptor-650-venture-blue-gasolina-manual-2023-2611603;;Na V12 Motors Seminovos, você encontra uma variedade de veículos seminovos de alta qualidade, todos rigorosamente inspecionados. Oferecemos condições especiais de financiamento, transparência na negociação e um atendimento diferenciado.;https://www.agenciautodf.com.br/lojas;18/05/2026 13:43;18/05/2026 13:43
V12 Motors 508 Norte;V12 Motors 508 Norte;carros;;;/sites/agenciautodf.com.br/img/lojas/v12-motors.png;https://www.v12seminovos.com.br/;(61) 3012-9999;(61) 99219-7343;(61) 99219-7343 Wagner@V12Motors.com.br Www.v12Seminovos.com.br /V12Seminovos @V12Motorsseminovos Ver Estoque;https://www.instagram.com/v12motors508norte/;https://api.whatsapp.com/send?text=Confira esta oferta que encontrei no site V12 Seminovos: https%3A%2F%2Fwww.v12seminovos.com.br%2Festoque%2Fchevrolet-montana-14-mpfi-conquest-cs-8v-flex-2p-manual-3p-2010-2529775;;Na V12 Motors Seminovos, você encontra uma variedade de veículos seminovos de alta qualidade, todos rigorosamente inspecionados. Oferecemos condições especiais de financiamento, transparência na negociação e um atendimento diferenciado.;https://www.agenciautodf.com.br/lojas;18/05/2026 13:43;18/05/2026 13:43
Valentina Veículos;Valentina Veículos;carros;;;/sites/agenciautodf.com.br/img/lojas/valentina-veiculos.png;https://valentinaveiculos.com.br/;(61) 3525-6799;(61) 99942-0111;(61) 99942-0111 Valentinaveiculos2024@Yahoo.com Www.valentinaveiculos.com.br /Valentinaveiculos2 @Valentinaveiculosdf Ver Estoque;https://www.instagram.com/valentinaveiculosbsb/;;;Acesse o site e confira as ofertas.;https://www.agenciautodf.com.br/lojas;18/05/2026 13:43;18/05/2026 13:43
Vavá Veículos;Vavá Veículos;carros;;;/sites/agenciautodf.com.br/img/lojas/vava-veiculos.png;https://vavaveiculos.com.br;(61) 3345-4697;;19125505849B@Mail.revendamais.com.br Www.vavaveiculos.com.br /Vavaveiculosbrasilia @Vavaveiculos Ver Estoque;;https://api.whatsapp.com/send?text=Confira a oferta para https://vavaveiculos.com.br/carros/Volkswagen/Parati/Cl-16-Mi-4p/Volkswagen-Parati-Cl-16-Mi-4p-1994-BrasÃ­lia-Distrito-Federal-975355.html;;Acesse o site e confira as ofertas.;https://www.agenciautodf.com.br/lojas;18/05/2026 13:43;18/05/2026 13:43
Vertical Veículos;Vertical Veículos;carros;;;/sites/agenciautodf.com.br/img/lojas/vertical-veiculos.png;https://verticalveiculos.com.br;(61) 3346-1039;(61) 99834-4843;(61) 99834-4843 Vendasverticalveiculos@Gmail.com Www.verticalveiculos.com.br /Vendasverticalveiculos @Verticalveiculos Ver Estoque;;;;Acesse o site e confira as ofertas.;https://www.agenciautodf.com.br/lojas;18/05/2026 13:43;18/05/2026 13:43
Via Motors;Via Motors;carros;;;/sites/agenciautodf.com.br/img/lojas/via-motors.png;https://viamotorsdf.com.br/;(61) 3346-6688;(61) 99978-3789;(61) 99978-3789 Viamotorsdf@Gmail.com Www.viamotorsdf.com.br /Vianorteveiculosdf @Viamotorsdf Ver Estoque;https://www.instagram.com/viamotorsdf/;;;Acesse o site e confira as ofertas.;https://www.agenciautodf.com.br/lojas;18/05/2026 13:43;18/05/2026 13:43
Vicar Automóveis;Vicar Automóveis;carros;;;/sites/agenciautodf.com.br/img/lojas/vicar-automoveis.png;https://vicarautomoveis.com.br;(61) 3487-1009;(61) 98504-3104;(61) 98504-3104 Vicardf@Gmail.com Www.vicarautomoveis.com.br /Vicarautomoveisdf @Vicarautomoveisdf Ver Estoque;https://www.instagram.com/vicarautomoveisdf;;;Acesse o site e confira as ofertas.;https://www.agenciautodf.com.br/lojas;18/05/2026 13:43;18/05/2026 13:43
Vip Automóveis;Vip Automóveis;carros;;;/sites/agenciautodf.com.br/img/lojas/vip-automoveis.png;https://linknabio.de/vipautomoveis;(61) 3387-0199;;Vipveiculosdf@Hotmail.com Www.vipautomoveis.com.br /Vipcarbsb1 @Vipautomoveisdf Ver Estoque;https://www.instagram.com/vipautomoveisdf/;https://api.whatsapp.com/send?phone=556199372523&text=Ol%C3%A1%2C%20Gostaria%20de%20saber%20mais%20detalhes%20https%3A%2F%2Fvipautomoveisdf.com.br%2Festoque%2Fvip;5,56199E+11;Compra e venda de veículos;https://www.agenciautodf.com.br/lojas;18/05/2026 13:43;18/05/2026 13:43
Vip Car Veículos;Vip Car Veículos;carros;;;/sites/agenciautodf.com.br/img/lojas/vip-car-veiculos2.png;https://vipcarbsb.com.br;(61) 3345-7302;(61) 98531-8468;(61) 98531-8468 Vippcarr@Gmail.com Www.vipcarbsb.com.br /Vipcarbsb1 @Vipcarbsb Ver Estoque;https://www.instagram.com/vipcarbsb/?igsh=MzRlODBiNWFlZA%3D%3D;;;Acesse o site e confira as ofertas.;https://www.agenciautodf.com.br/lojas;18/05/2026 13:43;18/05/2026 13:43
Vitrine Veículos;Vitrine Veículos;carros;;;/sites/agenciautodf.com.br/img/lojas/vitrine-veiculos.png;https://vitrineveiculosdf.com.br/;(61) 3379-6065;(61) 99175-0427;(61) 99175-0427 Vitrineveiculosbra@Gmail.com Www.vitrineveiculosdf.com.br /Vitrineveiculoceilandia @Vv_Vitrineveiculos Ver Estoque;https://instagram.com/vv_vitrineveiculos?igshid=YmMyMTA2M2Y=;;;Acesse o site e confira as ofertas.;https://www.agenciautodf.com.br/lojas;18/05/2026 13:43;18/05/2026 13:43
W3 Veículos;W3 Veículos;carros;;;/sites/agenciautodf.com.br/img/lojas/w3.png;https://w3veiculos.com.br/estoque;(61) 3363-8099;(61) 98140-1057;(61) 98140-1057 Ww3Veiculos@Gmail.com Www.w3Veiculos.com.br /W3Veiculos @W3Veiculos Ver Estoque;https://www.instagram.com/w3veiculos/;;;Acesse o site e confira as ofertas.;https://www.agenciautodf.com.br/lojas;18/05/2026 13:43;18/05/2026 13:43
Welt;Welt;carros;;;/sites/agenciautodf.com.br/img/lojas/welt-premium.png;https://weltpremium.com.br;(61) 3771-7625;(61) 98183-0047;(61) 98183-0047 Weltpremiumbsbshopping@Gmail.com Www.weltpremium.com.br @Weltpremium Ver Estoque;;;;;https://www.agenciautodf.com.br/lojas;18/05/2026 13:43;18/05/2026 13:43
Win Multimarcas;Win Multimarcas;carros;;;/sites/agenciautodf.com.br/img/lojas/win-multimarcas.png;https://winmultimarcas.com.br;(61) 98422-1251;(61) 99104-9638;(61) 99104-9638 Winmultimarcas17@Gmail.com Www.winmultimarcas.com.br /Winmultimarcas @Win.multimarcas Ver Estoque;https://www.instagram.com/win.multimarcas;;;Loja de Carros Seminovos na Cidade do Automóvel - Brasília;https://www.agenciautodf.com.br/lojas;18/05/2026 13:43;18/05/2026 13:43
WS Multimarcas;Ws Multimarcas;carros;;;/sites/agenciautodf.com.br/img/lojas/ws-multimarcas.png;;(61) 99639-1006;;Wsmultimarcasdf@Gmail.com /Wsmultimarcasrs @Wescarneiro1 Ver Estoque;;;;;https://www.agenciautodf.com.br/lojas;18/05/2026 13:44;18/05/2026 13:44
YAS Motors;Yas Motors;carros;;;/sites/agenciautodf.com.br/img/lojas/yas-motors.png;https://yasmotors.com.br/;(61) 3363-8899;;(31) 3363-8899 Yasmotorsbr@Gmail.com /Yasmotorsbr Www.yasmotors.com.br @Yasmotorsbr Ver Estoque;https://www.instagram.com/yasmotorsbr/;;;Acesse o site e confira as ofertas.;https://www.agenciautodf.com.br/lojas;18/05/2026 13:44;18/05/2026 13:44
Z4 Motors;Z4 Motors;carros;;;/sites/agenciautodf.com.br/img/lojas/z4-motors.png;https://z4motorsdf.com.br/;(61) 99827-1362;;Z4Motorsdf@Gmail.com Www.z4Motorsdf.com.br /Z4-Motors-100090874695744 @Z4Motors Ver Estoque;https://www.instagram.com/;;;Acesse o site e confira as ofertas.;https://www.agenciautodf.com.br/lojas;18/05/2026 13:44;18/05/2026 13:44
Zafra Motors;Zafra Motors;carros;;;/sites/agenciautodf.com.br/img/lojas/zafra-motors.png;https://zaframotors.com.br/;(61) 3970-5192;(61) 99604-2678;(61) 99604-2678 Zaframotorsbrasilia@Gmail.com Www.zaframotors.com.br @Zafra.motors Ver Estoque;https://www.instagram.com/zafra.motors;;;;https://www.agenciautodf.com.br/lojas;18/05/2026 13:44;18/05/2026 13:44
